"","state.abb","state.name","id","geo_id","year","name","category","total_liabilities","current_liabilities","net_pension_liability","net_pension_assets","net_opeb_liability","net_opeb_assets","total_assets","current_assets","compensated_absences","expenses","revenues","unrestricted","bonds_outstanding","loans_outstanding","notes_outstanding","population","urban_pop","pct_urban_pop","median_hh_income_21","url"
"1","NY","New York",42220,"36000",2020,"new york","General Purpose",188872000000,42103000000,4237000000,15000000,66006000000,1000000,177327000000,0,1358000000,191143000000,189989000000,0,2266000000,1832000000,0,20201230,17665166,87.4459099038876,74230,"https://acfrs-docs.s3.us-east-2.amazonaws.com/acfrs/General%20Purpose/NY/State%20of%20New%20York/NY%20State%20of%20New%20York%202020.pdf"
"2","AR","Arkansas",49082,"05000",2020,"arkansas","General Purpose",13143393000,2375534000,2300436000,0,2914449000,0,30382630000,0,290683000,24808284000,25838329000,0,3479695000,0,164779000,3011555,1670677,55.476131022034,52577,"https://acfrs-docs.s3.us-east-2.amazonaws.com/acfrs/General%20Purpose/AR/State%20of%20Arkansas/AR%20State%20of%20Arkansas%202020.pdf"
"3","AZ","Arizona",40623,"04000",2020,"arizona","General Purpose",24362565000,6148699000,5470494000,0,1281292000,36036000,55087793000,0,463129000,47285392000,48198360000,0,6207355000,0,217762000,7151507,6385230,89.2851599566077,68967,"https://acfrs-docs.s3.us-east-2.amazonaws.com/acfrs/General%20Purpose/AZ/State%20of%20Arizona/AZ%20State%20of%20Arizona%202020.pdf"
"4","OK","Oklahoma",37320,"40000",2020,"oklahoma","General Purpose",7276923000,4097748000,321161000,38433000,150663000,29752000,29968762000,0,177538000,22793625000,23510595000,0,2265388000,0,59360000,3959346,2558611,64.6219470706451,55829,"https://acfrs-docs.s3.us-east-2.amazonaws.com/acfrs/General%20Purpose/OK/State%20of%20Oklahoma/OK%20State%20of%20Oklahoma%202020.pdf"
"5","LA","Louisiana",90240,"22000",2020,"louisiana","General Purpose",31993734000,6912535000,6614130000,0,5780776000,0,35590888000,0,233104000,35858161000,36341565000,-15151177000,8419548000,0,31897000,4657749,3332237,71.5416669439818,52090,"https://acfrs-docs.s3.us-east-2.amazonaws.com/acfrs/General%20Purpose/LA/State%20of%20Louisiana/LA%20State%20of%20Louisiana%202020.pdf"
"6","CA","California",31665,"06000",2020,"california","General Purpose",408305319000,103649199000,92089623000,0,90486960000,0,340835100000,163031521000,4401397000,386953774000,386615995000,-228917134000,109854424000,2417879000,2163863000,39538245,37259490,94.2366327389068,84831,"https://acfrs-docs.s3.us-east-2.amazonaws.com/acfrs/General%20Purpose/CA/State%20of%20California/CA%20State%20of%20California%202020.pdf"
"7","MA","Massachusetts",149462,"25000",2020,"massachusetts","General Purpose",113588290000,5526424000,41643152000,0,17486660000,0,36509273000,0,906461000,80602774000,76583475000,0,41939680000,0,500000000,7029949,6416895,91.2798116962121,89577,"https://acfrs-docs.s3.us-east-2.amazonaws.com/acfrs/General%20Purpose/MA/Commonwealth%20of%20Massachusetts/MA%20Commonwealth%20of%20Massachusetts%202020.pdf"
"8","AK","Alaska",31574,"02000",2020,"alaska","General Purpose",14129014000,5911223000,4675738000,18712000,106537000,118886000,89104922000,0,185848000,10237800000,9104519000,0,668042000,672105000,6563000,733378,475967,64.899487449396,78437,"https://acfrs-docs.s3.us-east-2.amazonaws.com/acfrs/General%20Purpose/AK/State%20of%20Alaska/AK%20State%20of%20Alaska%202020.pdf"
"9","AL","Alabama",31550,"01000",2020,"alabama","General Purpose",13679635000,2722165000,3664524000,0,1698962000,0,37412554000,0,330270000,28857713000,30108701000,0,4941832000,78034000,0,5024356,2900880,57.7372395123758,53990,"https://acfrs-docs.s3.us-east-2.amazonaws.com/acfrs/General%20Purpose/AL/State%20of%20Alabama/AL%20State%20of%20Alabama%202020.pdf"
"10","VT","Vermont",39343,"50000",2020,"vermont","General Purpose",7263223731,1806660294,2387778363,0,2237128790,0,6660063394,0,42012068,7420747690,7162262953,-3992919322,675146062,0,0,643085,225850,35.1202111100226,72415,"https://acfrs-docs.s3.us-east-2.amazonaws.com/acfrs/General%20Purpose/VT/State%20of%20Vermont/VT%20State%20of%20Vermont%202020.pdf"
"11","CO","Colorado",31946,"08000",2020,"colorado","General Purpose",28766869000,6879722000,11375438000,0,1085487000,0,45911546000,0,639545000,39237837000,41175254000,0,4637188000,0,70956000,5773733,4966936,86.0267065531822,82228,"https://acfrs-docs.s3.us-east-2.amazonaws.com/acfrs/General%20Purpose/CO/State%20of%20Colorado/CO%20State%20of%20Colorado%202020.pdf"
"12","CT","Connecticut",149448,"09000",2020,"connecticut","General Purpose",97821884000,3388016000,39840819000,0,23023169000,0,37879536000,0,728321000,37155281000,35717659000,-64317606000,29166415000,0,0,3605942,3110153,86.2507293513155,83628,"https://acfrs-docs.s3.us-east-2.amazonaws.com/acfrs/General%20Purpose/CT/State%20of%20Connecticut/CT%20State%20of%20Connecticut%202020.pdf"
"13","FL","Florida",32221,"12000",2020,"florida","General Purpose",72860317000,9369672000,8789980000,0,9146494000,0,169933513000,0,805146000,104272398000,105839544000,-14704895000,17305365000,0,22403000,21538226,19714806,91.534194591216,63054,"https://acfrs-docs.s3.us-east-2.amazonaws.com/acfrs/General%20Purpose/FL/State%20of%20Florida/FL%20State%20of%20Florida%202020.pdf"
"14","MD","Maryland",149463,"24000",2020,"maryland","General Purpose",65583150000,6958216000,18912696000,0,17257184000,0,53228856000,0,353144000,50513435000,50630119000,0,20700855000,0,0,6177213,5288760,85.6170992018421,90129,"https://acfrs-docs.s3.us-east-2.amazonaws.com/acfrs/General%20Purpose/MD/State%20of%20Maryland/MD%20State%20of%20Maryland%202020.pdf"
"15","DE","Delaware",32212,"10000",2020,"delaware","General Purpose",15909284000,1987209000,1835017000,4945000,7347246000,0,14570384000,3812406000,212001100,10343377000,10496375000,-8420152000,3503151400,242819500,0,989957,817817,82.6121170000849,71636,"https://acfrs-docs.s3.us-east-2.amazonaws.com/acfrs/General%20Purpose/DE/State%20of%20Delaware/DE%20State%20of%20Delaware%202020.pdf"
"16","GA","Georgia",1265711,"13000",2020,"georgia","General Purpose",42898593000,14141466000,7896789000,115550000,5624423000,253962000,67357098000,0,682156000,65496453000,65986964000,-10629743000,11199640000,0,329604000,10711937,7933986,74.0669729426354,66507,"https://acfrs-docs.s3.us-east-2.amazonaws.com/acfrs/General%20Purpose/GA/State%20of%20Georgia/GA%20State%20of%20Georgia%202020.pdf"
"17","OR","Oregon",37525,"41000",2020,"oregon","General Purpose",24144226000,5709342000,3852015000,0,127778000,44077000,43587406000,0,298326000,35844029000,35294208000,0,11779762000,70003000,304323000,4237291,3410984,80.4998329107328,71441,"https://acfrs-docs.s3.us-east-2.amazonaws.com/acfrs/General%20Purpose/OR/State%20of%20Oregon/OR%20State%20of%20Oregon%202020.pdf"
"18","HI","Hawaii",71062,"15000",2020,"hawaii","General Purpose",28421578000,2708675000,7226416000,0,6977722000,0,23375459000,0,262056000,15459241000,14507982000,0,10028955000,0,600000000,1455273,1252450,86.0630081957244,85547,"https://acfrs-docs.s3.us-east-2.amazonaws.com/acfrs/General%20Purpose/HI/State%20of%20Hawaii/HI%20State%20of%20Hawaii%202020.pdf"
"19","ME","Maine",33873,"23000",2020,"maine","General Purpose",8836880000,1208211000,2391652000,8502000,2445774000,0,9578288000,0,62720000,10662879000,10625590000,0,1035733000,320193000,0,1362341,526309,38.6321813853764,64823,"https://acfrs-docs.s3.us-east-2.amazonaws.com/acfrs/General%20Purpose/ME/State%20of%20Maine/ME%20State%20of%20Maine%202020.pdf"
"20","IA","Iowa",1036991,"19000",2020,"iowa","General Purpose",9758958000,3087152000,1078093000,0,456472000,0,29784820000,0,549822000,25493401000,26729140000,0,3190775000,0,0,3190372,2014831,63.1535411734505,65645,"https://acfrs-docs.s3.us-east-2.amazonaws.com/acfrs/General%20Purpose/IA/State%20of%20Iowa/IA%20State%20of%20Iowa%202020.pdf"
"21","SC","South Carolina",38235,"45000",2020,"south carolina","General Purpose",15642105000,5251471000,4024660000,0,3135126000,0,39092758000,0,211882000,29178232000,31800560000,0,1971160000,0,96170000,5118429,3477869,67.948030888408,59447,"https://acfrs-docs.s3.us-east-2.amazonaws.com/acfrs/General%20Purpose/SC/State%20of%20South%20Carolina/SC%20State%20of%20South%20Carolina%202020.pdf"
"22","ID","Idaho",32673,"16000",2020,"idaho","General Purpose",4075441000,1895009000,301989000,0,117490000,0,19585991000,0,81981000,10795096000,11883210000,1749855000,899750000,0,485099000,1839092,1273437,69.2421752742909,66318,"https://acfrs-docs.s3.us-east-2.amazonaws.com/acfrs/General%20Purpose/ID/State%20of%20Idaho/ID%20State%20of%20Idaho%202020.pdf"
"23","PA","Pennsylvania",37697,"42000",2020,"pennsylvania","General Purpose",79810308000,24454368000,15342810000,0,17054721000,0,80321348000,0,868402000,110869726000,109336712000,-49408849000,15914699000,0,0,13002689,9941070,76.4538903458512,68931,"https://acfrs-docs.s3.us-east-2.amazonaws.com/acfrs/General%20Purpose/PA/Commonwealth%20of%20Pennsylvania/PA%20Commonwealth%20of%20Pennsylvania%202020.pdf"
"24","IL","Illinois",1267369,"17000",2020,"illinois","General Purpose",263404811000,25778585000,143346569000,0,58996493000,0,59058929000,0,401594000,97869427000,91181741000,-219366559000,31531895000,0,1545193000,12812545,11137590,86.9274774306482,72215,"https://acfrs-docs.s3.us-east-2.amazonaws.com/acfrs/General%20Purpose/IL/State%20of%20Illinois/IL%20State%20of%20Illinois%202020.pdf"
"25","RI","Rhode Island",38202,"44000",2020,"rhode island","General Purpose",9830412000,2218816000,3673476000,0,425747000,7238000,8970164000,0,91960000,10307636000,10232146000,0,3138775000,0,10000000,1097371,999191,91.0524987265111,73324,"https://acfrs-docs.s3.us-east-2.amazonaws.com/acfrs/General%20Purpose/RI/State%20of%20Rhode%20Island/RI%20State%20of%20Rhode%20Island%202020.pdf"
"26","KS","Kansas",33447,"20000",2020,"kansas","General Purpose",9981002000,2543938000,1904166000,0,49824000,0,21604949000,0,119287000,17141566000,17602156000,-2117921000,4348467000,0,8314000,2937847,2124059,72.2990387626452,64128,"https://acfrs-docs.s3.us-east-2.amazonaws.com/acfrs/General%20Purpose/KS/State%20of%20Kansas/KS%20State%20of%20Kansas%202020.pdf"
"27","KY","Kentucky",90208,"21000",2020,"kentucky","General Purpose",41600354000,3746164000,25870784000,0,3017085000,0,34787679000,0,266573000,30955535000,33658968000,-37570773000,5973758000,404919000,691490000,4505893,2644856,58.6984524070561,55532,"https://acfrs-docs.s3.us-east-2.amazonaws.com/acfrs/General%20Purpose/KY/Commonwealth%20of%20Kentucky/KY%20Commonwealth%20of%20Kentucky%202020.pdf"
"28","SD","South Dakota",38382,"46000",2020,"south dakota","General Purpose",2421365000,1637259000,0,2196000,0,0,9716432000,0,99061000,4629531000,5001397000,0,498066000,0,0,886677,507347,57.2195649550508,66843,"https://acfrs-docs.s3.us-east-2.amazonaws.com/acfrs/General%20Purpose/SD/State%20of%20South%20Dakota/SD%20State%20of%20South%20Dakota%202020.pdf"
"29","MS","Mississippi",95852,"28000",2020,"mississippi","General Purpose",13060607000,2672089000,3151705000,0,193113000,0,27973925000,0,126506000,20046462000,20501316000,0,4686238000,0,1080809000,2961288,1370790,46.2904711106248,48871,"https://acfrs-docs.s3.us-east-2.amazonaws.com/acfrs/General%20Purpose/MS/State%20of%20Mississippi/MS%20State%20of%20Mississippi%202020.pdf"
"30","TN","Tennessee",38453,"47000",2020,"tennessee","General Purpose",9697381000,4732523000,988950000,28730000,1272523000,0,50608538000,0,325088000,37393093000,39355553000,0,1949715000,0,120996000,6910786,4577282,66.2333667108485,59698,"https://acfrs-docs.s3.us-east-2.amazonaws.com/acfrs/General%20Purpose/TN/State%20of%20Tennessee/TN%20State%20of%20Tennessee%202020.pdf"
"31","MT","Montana",64951,"30000",2020,"montana","General Purpose",5140282000,2176914000,2254594000,39567000,46410000,0,14971791000,0,111510000,7651126000,8213225000,-343398000,119928000,0,98148000,1084197,579177,53.4185247527035,63357,"https://acfrs-docs.s3.us-east-2.amazonaws.com/acfrs/General%20Purpose/MT/State%20of%20Montana/MT%20State%20of%20Montana%202020.pdf"
"32","IN","Indiana",196751,"18000",2020,"indiana","General Purpose",19776175000,6709986000,11792876000,0,190159000,0,35264677000,0,194149000,41616996000,42536473000,9320351000,0,0,0,6785668,4829686,71.1762739760266,62723,"https://acfrs-docs.s3.us-east-2.amazonaws.com/acfrs/General%20Purpose/IN/State%20of%20Indiana/IN%20State%20of%20Indiana%202020.pdf"
"33","NC","North Carolina",40620,"37000",2020,"north carolina","General Purpose",29040557000,9927529000,2660223000,0,6130058000,8135000,85957987000,0,619350000,57168095000,59639395000,-691590000,7932866000,0,221862000,10439414,6964727,66.7158553738974,61997,"https://acfrs-docs.s3.us-east-2.amazonaws.com/acfrs/General%20Purpose/NC/State%20of%20North%20Carolina/NC%20State%20of%20North%20Carolina%202020.pdf"
"34","MO","Missouri",148599,"29000",2020,"missouri","General Purpose",19395710000,3812318000,7102432000,0,2966040000,0,47374256000,0,195681000,31416824000,32418542000,-7300465,2637727000,0,0,6154920,4275663,69.4674806938782,61815,"https://acfrs-docs.s3.us-east-2.amazonaws.com/acfrs/General%20Purpose/MO/State%20of%20Missouri/MO%20State%20of%20Missouri%202020.pdf"
"35","NJ","New Jersey",40624,"34000",2020,"new jersey","General Purpose",213903087870,7930629785,90812068247,200901,65491562252,0,54675275295,0,491700000,75507590895,73616040355,-216321336700,25401600000,1279400000,1500000000,9289031,8708779,93.7537369493403,89227,"https://acfrs-docs.s3.us-east-2.amazonaws.com/acfrs/General%20Purpose/NJ/State%20of%20New%20Jersey/NJ%20State%20of%20New%20Jersey%202020.pdf"
"36","NV","Nevada",35504,"32000",2020,"nevada","General Purpose",10676834000,4013010000,2290134000,0,810288000,0,21296697000,0,118600000,17155807000,16771174000,0,2994689000,0,0,3104624,2921203,94.0923090599991,66194,"https://acfrs-docs.s3.us-east-2.amazonaws.com/acfrs/General%20Purpose/NV/State%20of%20Nevada/NV%20State%20of%20Nevada%202020.pdf"
"37","TX","Texas",38611,"48000",2020,"texas","General Purpose",250250365000,36689788000,67084585000,0,76983152000,0,380361621000,0,2035843000,198789968000,199988664000,0,59721954000,2389422000,0,29145428,24400697,83.7202752191118,66959,"https://acfrs-docs.s3.us-east-2.amazonaws.com/acfrs/General%20Purpose/TX/State%20of%20Texas/TX%20State%20of%20Texas%202020.pdf"
"38","NE","Nebraska",35432,"31000",2020,"nebraska","General Purpose",3728215000,2771920000,375193000,120708000,14816000,0,18858875000,0,135694000,10762105000,11108805000,1017701000,0,0,0,1961489,1432003,73.005357113725,66949,"https://acfrs-docs.s3.us-east-2.amazonaws.com/acfrs/General%20Purpose/NE/State%20of%20Nebraska/NE%20State%20of%20Nebraska%202020.pdf"
"39","VA","Virginia",39392,"51000",2020,"virginia","General Purpose",26563639000,8847384000,4559932000,0,1255256000,0,62882563000,0,338027000,53696012000,58156929000,0,7243127000,133738000,0,8631384,6528313,75.6345238827615,80926,"https://acfrs-docs.s3.us-east-2.amazonaws.com/acfrs/General%20Purpose/VA/Commonwealth%20of%20Virginia/VA%20Commonwealth%20of%20Virginia%202020.pdf"
"40","NH","New Hampshire",35545,"33000",2020,"new hampshire","General Purpose",6048361000,1671862000,941421000,0,1793348000,0,8307536000,0,106978000,8845705000,8682854000,-2992914000,1228878000,2815000,174917000,1377518,803420,58.323273049061,88268,"https://acfrs-docs.s3.us-east-2.amazonaws.com/acfrs/General%20Purpose/NH/State%20of%20New%20Hampshire/NH%20State%20of%20New%20Hampshire%202020.pdf"
"41","OH","Ohio",36835,"39000",2020,"ohio","General Purpose",55081480000,11508828000,4641754000,40400000,3330409000,6000000000,83340781000,0,561516000,79045522000,79125001000,0,18440406000,0,0,11799374,9001099,76.2840685428674,62286,"https://acfrs-docs.s3.us-east-2.amazonaws.com/acfrs/General%20Purpose/OH/State%20of%20Ohio/OH%20State%20of%20Ohio%202020.pdf"
"42","UT","Utah",39282,"49000",2020,"utah","General Purpose",8052895000,2472354000,730772000,0,18760000,0,36807368000,0,210811000,16189477000,17241722000,2885425000,4431385000,0,183000,3271614,2937303,89.7814107768149,79449,"https://acfrs-docs.s3.us-east-2.amazonaws.com/acfrs/General%20Purpose/UT/State%20of%20Utah/UT%20State%20of%20Utah%202020.pdf"
"43","WA","Washington",39528,"53000",2020,"washington","General Purpose",84090857000,9561046000,3338862000,0,5799742000,0,110548541000,0,910960000,74240928000,72609544000,0,26732746000,0,0,7705247,6424035,83.3718458807667,84155,"https://acfrs-docs.s3.us-east-2.amazonaws.com/acfrs/General%20Purpose/WA/State%20of%20Washington/WA%20State%20of%20Washington%202020.pdf"
"44","WI","Wisconsin",39818,"55000",2020,"wisconsin","General Purpose",28548691000,10066495000,0,895288646,1204453000,131142354,56779826000,0,2593896000,42320767000,44293015000,-7682356000,13146569000,0,320570000,5893725,3953691,67.0831383517162,67150,"https://acfrs-docs.s3.us-east-2.amazonaws.com/acfrs/General%20Purpose/WI/State%20of%20Wisconsin/WI%20State%20of%20Wisconsin%202020.pdf"
"45","WV","West Virginia",39745,"54000",2020,"west virginia","General Purpose",13162213000,463785000,2997962000,96703000,1067763000,0,22067965000,0,93744000,14668039000,14506334000,0,3476438000,0,0,1793755,800857,44.647926427595,51122,"https://acfrs-docs.s3.us-east-2.amazonaws.com/acfrs/General%20Purpose/WV/State%20of%20West%20Virginia/WV%20State%20of%20West%20Virginia%202020.pdf"
"46","WY","Wyoming",40122,"56000",2020,"wyoming","General Purpose",10270669870,7145725573,463995694,0,381732888,0,30601334531,0,68787262,4726734280,4701674995,0,13865082,0,0,576837,357750,62.017748083994,66508,"https://acfrs-docs.s3.us-east-2.amazonaws.com/acfrs/General%20Purpose/WY/State%20of%20Wyoming/WY%20State%20of%20Wyoming%202020.pdf"
"47","MI","Michigan",80814,"26000",2020,"michigan","General Purpose",35977177000,9693360000,7540000000,0,9691000000,0,49761974000,23231152000,428800000,90012294000,88274088000,-13699405000,2088400000,1439600000,3349760000,10077325,7404258,73.4743951548282,63444,"https://acfrs-docs.s3.us-east-2.amazonaws.com/acfrs/General%20Purpose/MI/State%20of%20Michigan/MI%20State%20of%20Michigan%202020.pdf"
"48","ND","North Dakota",1241002,"38000",2020,"north dakota","General Purpose",8078745996,3719043616,603888269,31077783,40443754,0,34196932678,0,89933000,8356617731,9740177279,11530316125,1686329000,0,663083000,779091,474989,60.9668409716928,67603,"https://acfrs-docs.s3.us-east-2.amazonaws.com/acfrs/General%20Purpose/ND/State%20of%20North%20Dakota/ND%20State%20of%20North%20Dakota%202020.pdf"
"49","MN","Minnesota",34704,"27000",2020,"minnesota","General Purpose",23927324000,6463164000,3107663000,0,630967000,0,48199480000,26252284000,527476000,50004800000,49990315000,0,8483013000,65223000,0,5706504,4101754,71.878705208487,77712,"https://acfrs-docs.s3.us-east-2.amazonaws.com/acfrs/General%20Purpose/MN/State%20of%20Minnesota/MN%20State%20of%20Minnesota%202020.pdf"
"50","NM","New Mexico",82166,"35000",2020,"new mexico","General Purpose",14617951000,3134067000,5617739000,19276000,1159319000,0,47762954000,12259898000,182688000,21701968000,23558395000,0,4145804000,12069000,12506000,2117527,1578552,74.5471357558505,54304,"https://acfrs-docs.s3.us-east-2.amazonaws.com/acfrs/General%20Purpose/NM/State%20of%20New%20Mexico/NM%20State%20of%20New%20Mexico%202020.pdf"
"51","AK","Alaska",31574,"02000",2021,"alaska","General Purpose",16726973000,8741798000,5089994000,20031000,3405000,548581000,107832869000,0,203580000,12317135000,28467439000,20329729000,1374829000,0,3859000,733378,475967,64.899487449396,78437,"https://acfrs-docs.s3.us-east-2.amazonaws.com/acfrs/General%20Purpose/AK/State%20of%20Alaska/AK%20State%20of%20Alaska%202021.pdf"
"52","AL","Alabama",31550,"01000",2021,"alabama","General Purpose",15007563000,3279338000,3976285000,0,987056000,0,42222752000,0,334749000,30075201000,33575970000,-8827941000,6067908000,68502000,0,5024356,2900880,57.7372395123758,53990,"https://acfrs-docs.s3.us-east-2.amazonaws.com/acfrs/General%20Purpose/AL/State%20of%20Alabama/AL%20State%20of%20Alabama%202021.pdf"
"53","NY","New York",42220,"36000",2021,"new york","General Purpose",231882000000,47733000000,13861000000,23000000,77861000000,3000000,204039000000,0,1592000000,292949000000,288036000000,0,2274000000,2245000000,81329000000,20201230,17665166,87.4459099038876,74230,"https://acfrs-docs.s3.us-east-2.amazonaws.com/acfrs/General%20Purpose/NY/State%20of%20New%20York/NY%20State%20of%20New%20York%202021.pdf"
"54","AR","Arkansas",49082,"05000",2021,"arkansas","General Purpose",13893664000,1784111000,2485079000,0,2944665000,0,33196845000,0,308084000,27137766000,29104967000,0,3289342000,0,183555000,3011555,1670677,55.476131022034,52577,"https://acfrs-docs.s3.us-east-2.amazonaws.com/acfrs/General%20Purpose/AR/State%20of%20Arkansas/AR%20State%20of%20Arkansas%202021.pdf"
"55","ME","Maine",33873,"23000",2021,"maine","General Purpose",9546245000,1112683000,2692100000,5039000,2931246000,0,10517354000,0,69304000,12148245000,13034219000,0,1056847000,336993000,0,1362341,526309,38.6321813853764,64823,"https://acfrs-docs.s3.us-east-2.amazonaws.com/acfrs/General%20Purpose/ME/State%20of%20Maine/ME%20State%20of%20Maine%202021.pdf"
"56","AZ","Arizona",40623,"04000",2021,"arizona","General Purpose",27669843000,6938052000,6262883000,0,1585805000,37328000,63302682000,0,506854000,56310879000,62994579000,0,6345131000,251790000,184460000,7151507,6385230,89.2851599566077,68967,"https://acfrs-docs.s3.us-east-2.amazonaws.com/acfrs/General%20Purpose/AZ/State%20of%20Arizona/AZ%20State%20of%20Arizona%202021.pdf"
"57","CO","Colorado",31946,"08000",2021,"colorado","General Purpose",35468430000,11422957000,9244732000,0,1260020000,0,56898947000,0,695124000,46255427000,51048135000,0,4938279000,0,118641000,5773733,4966936,86.0267065531822,82228,"https://acfrs-docs.s3.us-east-2.amazonaws.com/acfrs/General%20Purpose/CO/State%20of%20Colorado/CO%20State%20of%20Colorado%202021.pdf"
"58","CA","California",31665,"06000",2021,"california","General Purpose",480810792000,151339228000,94255760000,0,93951696000,0,419461604000,238896776000,5907133000,569018193000,573972781000,-227096122000,109884676000,19815357000,1577454000,39538245,37259490,94.2366327389068,84831,"https://acfrs-docs.s3.us-east-2.amazonaws.com/acfrs/General%20Purpose/CA/State%20of%20California/CA%20State%20of%20California%202021.pdf"
"59","GA","Georgia",1265711,"13000",2021,"georgia","General Purpose",44216533000,13756082000,8456148000,90146000,6370648000,254679000,73304004000,0,681405000,73263471000,78710603000,0,11599136000,0,354618000,10711937,7933986,74.0669729426354,66507,"https://acfrs-docs.s3.us-east-2.amazonaws.com/acfrs/General%20Purpose/GA/State%20of%20Georgia/GA%20State%20of%20Georgia%202021.pdf"
"60","FL","Florida",32221,"12000",2021,"florida","General Purpose",76561985000,16014011000,10243863000,0,7142549000,0,183625218000,0,850110000,128032435000,136963300000,-10000860000,19327136000,0,18865000,21538226,19714806,91.534194591216,63054,"https://acfrs-docs.s3.us-east-2.amazonaws.com/acfrs/General%20Purpose/FL/State%20of%20Florida/FL%20State%20of%20Florida%202021.pdf"
"61","HI","Hawaii",71062,"15000",2021,"hawaii","General Purpose",32322093000,3997605000,7814788000,0,6516876000,0,25972001000,0,293786000,19359781000,17733597000,-12518427000,12160159000,717096000,200000000,1455273,1252450,86.0630081957244,85547,"https://acfrs-docs.s3.us-east-2.amazonaws.com/acfrs/General%20Purpose/HI/State%20of%20Hawaii/HI%20State%20of%20Hawaii%202021.pdf"
"62","IA","Iowa",1036991,"19000",2021,"iowa","General Purpose",9323755000,26687000,1077174000,0,468779000,0,31703103000,0,587113000,27804747000,30159253000,3836229000,3044848000,0,0,3190372,2014831,63.1535411734505,65645,"https://acfrs-docs.s3.us-east-2.amazonaws.com/acfrs/General%20Purpose/IA/State%20of%20Iowa/IA%20State%20of%20Iowa%202021.pdf"
"63","CT","Connecticut",149448,"09000",2021,"connecticut","General Purpose",106761347000,5205641000,42551460000,0,26040226000,0,43684541000,0,791037000,47016379000,45371906000,-68176149000,29770530000,0,0,3605942,3110153,86.2507293513155,83628,"https://acfrs-docs.s3.us-east-2.amazonaws.com/acfrs/General%20Purpose/CT/State%20of%20Connecticut/CT%20State%20of%20Connecticut%202021.pdf"
"64","IL","Illinois",1267369,"17000",2021,"illinois","General Purpose",270295626000,22967916000,151870659000,0,56669748000,0,61507898000,0,448385000,124485837000,119714303000,-223762156,31325180000,0,5332680000,12812545,11137590,86.9274774306482,72215,"https://acfrs-docs.s3.us-east-2.amazonaws.com/acfrs/General%20Purpose/IL/State%20of%20Illinois/IL%20State%20of%20Illinois%202021.pdf"
"65","ID","Idaho",32673,"16000",2021,"idaho","General Purpose",4619378000,1949499000,564007000,0,100958000,0,22044972000,0,90481000,12729692000,14814011000,2518848000,829328000,0,497437000,1839092,1273437,69.2421752742909,66318,"https://acfrs-docs.s3.us-east-2.amazonaws.com/acfrs/General%20Purpose/ID/State%20of%20Idaho/ID%20State%20of%20Idaho%202021.pdf"
"66","KS","Kansas",33447,"20000",2021,"kansas","General Purpose",10466817000,2953827000,2261074000,0,51241000,0,23567266000,0,120267000,20499676000,21921225000,0,4044351000,0,5184000,2937847,2124059,72.2990387626452,64128,"https://acfrs-docs.s3.us-east-2.amazonaws.com/acfrs/General%20Purpose/KS/State%20of%20Kansas/KS%20State%20of%20Kansas%202021.pdf"
"67","KY","Kentucky",90208,"21000",2021,"kentucky","General Purpose",41626348000,3523315000,26615447000,0,3195447000,0,37741186000,0,274075000,33360397000,39524417000,0,5566569000,0,557126000,4505893,2644856,58.6984524070561,55532,"https://acfrs-docs.s3.us-east-2.amazonaws.com/acfrs/General%20Purpose/KY/Commonwealth%20of%20Kentucky/KY%20Commonwealth%20of%20Kentucky%202021.pdf"
"68","LA","Louisiana",90240,"22000",2021,"louisiana","General Purpose",37286338000,11000094000,7652518000,0,6249082000,0,40664471000,0,238418000,42128306000,43165436000,0,8452875000,0,26573000,4657749,3332237,71.5416669439818,52090,"https://acfrs-docs.s3.us-east-2.amazonaws.com/acfrs/General%20Purpose/LA/State%20of%20Louisiana/LA%20State%20of%20Louisiana%202021.pdf"
"69","MI","Michigan",80814,"26000",2021,"michigan","General Purpose",38108406000,11540044000,7651000000,0,7778200000,0,59599175000,0,459700000,84563377000,91287735000,0,7505300000,0,80700000,10077325,7404258,73.4743951548282,63444,"https://acfrs-docs.s3.us-east-2.amazonaws.com/acfrs/General%20Purpose/MI/State%20of%20Michigan/MI%20State%20of%20Michigan%202021.pdf"
"70","MA","Massachusetts",149462,"25000",2021,"massachusetts","General Purpose",131059556000,14272168000,47141778000,0,19694477000,0,49237322000,0,984935000,95181525000,94323492000,-79290379000,45393477000,0,0,7029949,6416895,91.2798116962121,89577,"https://acfrs-docs.s3.us-east-2.amazonaws.com/acfrs/General%20Purpose/MA/Commonwealth%20of%20Massachusetts/MA%20Commonwealth%20of%20Massachusetts%202021.pdf"
"71","MD","Maryland",149463,"24000",2021,"maryland","General Purpose",70729931000,11279016000,20663518000,0,15681628000,0,61142179000,0,412144000,61056711000,63281519000,-34692486000,21512555000,0,0,6177213,5288760,85.6170992018421,90129,"https://acfrs-docs.s3.us-east-2.amazonaws.com/acfrs/General%20Purpose/MD/State%20of%20Maryland/MD%20State%20of%20Maryland%202021.pdf"
"72","MO","Missouri",148599,"29000",2021,"missouri","General Purpose",18579166000,2539102000,7482744000,0,3275006000,0,49666805000,0,196555000,35221851000,38635951000,0,2310803000,0,0,6154920,4275663,69.4674806938782,61815,"https://acfrs-docs.s3.us-east-2.amazonaws.com/acfrs/General%20Purpose/MO/State%20of%20Missouri/MO%20State%20of%20Missouri%202021.pdf"
"73","MS","Mississippi",95852,"28000",2021,"mississippi","General Purpose",13476966000,2583039000,3482249000,0,176455000,0,30241359000,0,0,21839200000,23893800000,0,4743624000,0,1084932000,2961288,1370790,46.2904711106248,48871,"https://acfrs-docs.s3.us-east-2.amazonaws.com/acfrs/General%20Purpose/MS/State%20of%20Mississippi/MS%20State%20of%20Mississippi%202021.pdf"
"74","MT","Montana",64951,"30000",2021,"montana","General Purpose",5563416000,1766702000,2959075000,36545000,143844000,0,15684545000,0,117654000,9282102000,10149852000,-87238000,164409000,0,97528000,1084197,579177,53.4185247527035,63357,"https://acfrs-docs.s3.us-east-2.amazonaws.com/acfrs/General%20Purpose/MT/State%20of%20Montana/MT%20State%20of%20Montana%202021.pdf"
"75","NC","North Carolina",40620,"37000",2021,"north carolina","General Purpose",29389268000,9474875000,3122174000,0,5429965000,9458000,95776578000,0,623072000,66071685000,75234240000,6957107000,8983578000,0,226176000,10439414,6964727,66.7158553738974,61997,"https://acfrs-docs.s3.us-east-2.amazonaws.com/acfrs/General%20Purpose/NC/State%20of%20North%20Carolina/NC%20State%20of%20North%20Carolina%202021.pdf"
"76","IN","Indiana",196751,"18000",2021,"indiana","General Purpose",18873711000,6347078000,11392203000,0,98219000,0,38207125000,0,207820000,46967068000,51623118000,0,0,0,0,6785668,4829686,71.1762739760266,62723,"https://acfrs-docs.s3.us-east-2.amazonaws.com/acfrs/General%20Purpose/IN/State%20of%20Indiana/IN%20State%20of%20Indiana%202021.pdf"
"77","NJ","New Jersey",40624,"34000",2021,"new jersey","General Purpose",262003072072,13172773909,95235061386,614336,101605641478,0,68747889935,0,615000000,93538816036,97297109222,-216026481642,26668000000,1279000000,0,9289031,8708779,93.7537369493403,89227,"https://acfrs-docs.s3.us-east-2.amazonaws.com/acfrs/General%20Purpose/NJ/State%20of%20New%20Jersey/NJ%20State%20of%20New%20Jersey%202021.pdf"
"78","ND","North Dakota",1241002,"38000",2021,"north dakota","General Purpose",10188478469,5110750872,1671265000,31122000,42116000,0,38943465036,0,93441000,9831987470,13336173518,13379876282,1805007000,0,215145000,779091,474989,60.9668409716928,67603,"https://acfrs-docs.s3.us-east-2.amazonaws.com/acfrs/General%20Purpose/ND/State%20of%20North%20Dakota/ND%20State%20of%20North%20Dakota%202021.pdf"
"79","NV","Nevada",35504,"32000",2021,"nevada","General Purpose",13758375000,6954942000,2354763000,0,882306000,0,24215809000,0,128833000,19931756000,20124503000,0,2992919000,0,0,3104624,2921203,94.0923090599991,66194,"https://acfrs-docs.s3.us-east-2.amazonaws.com/acfrs/General%20Purpose/NV/State%20of%20Nevada/NV%20State%20of%20Nevada%202021.pdf"
"80","RI","Rhode Island",38202,"44000",2021,"rhode island","General Purpose",10147273000,2702862000,3693920000,0,345350000,11226000,10041109000,0,89157000,12335620000,12995210000,-4618321000,3084068000,0,0,1097371,999191,91.0524987265111,73324,"https://acfrs-docs.s3.us-east-2.amazonaws.com/acfrs/General%20Purpose/RI/State%20of%20Rhode%20Island/RI%20State%20of%20Rhode%20Island%202021.pdf"
"81","SD","South Dakota",38382,"46000",2021,"south dakota","General Purpose",1472340000,636370000,0,898000,0,0,9556840000,0,70074000,5833611000,6580233000,1786634000,556179000,0,0,886677,507347,57.2195649550508,66843,"https://acfrs-docs.s3.us-east-2.amazonaws.com/acfrs/General%20Purpose/SD/State%20of%20South%20Dakota/SD%20State%20of%20South%20Dakota%202021.pdf"
"82","SC","South Carolina",38235,"45000",2021,"south carolina","General Purpose",15940670000,4761001000,4433241000,0,3665935000,0,43339383000,0,209452000,33589622000,37882577000,0,1779886000,0,71178000,5118429,3477869,67.948030888408,59447,"https://acfrs-docs.s3.us-east-2.amazonaws.com/acfrs/General%20Purpose/SC/State%20of%20South%20Carolina/SC%20State%20of%20South%20Carolina%202021.pdf"
"83","TN","Tennessee",38453,"47000",2021,"tennessee","General Purpose",9053756000,3985378000,1638313000,24146000,561603000,0,54501665000,0,348948000,41379437000,46054090000,10726986000,1771713000,0,207343000,6910786,4577282,66.2333667108485,59698,"https://acfrs-docs.s3.us-east-2.amazonaws.com/acfrs/General%20Purpose/TN/State%20of%20Tennessee/TN%20State%20of%20Tennessee%202021.pdf"
"84","TX","Texas",38611,"48000",2021,"texas","General Purpose",273949398000,44435834000,76785107000,0,73972610000,0,444107066000,0,2118895000,214764661000,254147623000,0,59870422000,6970309000,4524991000,29145428,24400697,83.7202752191118,66959,"https://acfrs-docs.s3.us-east-2.amazonaws.com/acfrs/General%20Purpose/TX/State%20of%20Texas/TX%20State%20of%20Texas%202021.pdf"
"85","OR","Oregon",37525,"41000",2021,"oregon","General Purpose",23586456000,3522720000,5019150000,0,120715000,17677000,45339673000,0,336775000,41902530000,44699816000,0,12037802000,66835000,295820000,4237291,3410984,80.4998329107328,71441,"https://acfrs-docs.s3.us-east-2.amazonaws.com/acfrs/General%20Purpose/OR/State%20of%20Oregon/OR%20State%20of%20Oregon%202021.pdf"
"86","VT","Vermont",39343,"50000",2021,"vermont","General Purpose",7550556312,985651963,3043700350,0,2660856831,0,6455181544,0,44879014,8799556692,9063460054,0,711491377,0,0,643085,225850,35.1202111100226,72415,"https://acfrs-docs.s3.us-east-2.amazonaws.com/acfrs/General%20Purpose/VT/State%20of%20Vermont/VT%20State%20of%20Vermont%202021.pdf"
"87","UT","Utah",39282,"49000",2021,"utah","General Purpose",7729825000,2806348000,411417000,0,608000,0,40354202000,0,217280000,18104427000,21769260000,4411826000,3911629000,0,134000,3271614,2937303,89.7814107768149,79449,"https://acfrs-docs.s3.us-east-2.amazonaws.com/acfrs/General%20Purpose/UT/State%20of%20Utah/UT%20State%20of%20Utah%202021.pdf"
"88","VA","Virginia",39392,"51000",2021,"virginia","General Purpose",34379093000,15040531000,5234981000,0,1230725000,0,72053311000,0,361096000,64909123000,69485315000,0,7505396000,185545000,0,8631384,6528313,75.6345238827615,80926,"https://acfrs-docs.s3.us-east-2.amazonaws.com/acfrs/General%20Purpose/VA/Commonwealth%20of%20Virginia/VA%20Commonwealth%20of%20Virginia%202021.pdf"
"89","NE","Nebraska",35432,"31000",2021,"nebraska","General Purpose",3885879000,2770566000,464824000,196308000,22304000,0,21141065000,0,140201000,12251781000,14280127000,0,0,0,0,1961489,1432003,73.005357113725,66949,"https://acfrs-docs.s3.us-east-2.amazonaws.com/acfrs/General%20Purpose/NE/State%20of%20Nebraska/NE%20State%20of%20Nebraska%202021.pdf"
"90","WA","Washington",39528,"53000",2021,"washington","General Purpose",86950922000,10068030000,2509635000,2467388000,6051091000,0,116252761000,0,967603000,85014689000,88669804000,0,27731386000,0,0,7705247,6424035,83.3718458807667,84155,"https://acfrs-docs.s3.us-east-2.amazonaws.com/acfrs/General%20Purpose/WA/State%20of%20Washington/WA%20State%20of%20Washington%202021.pdf"
"91","NH","New Hampshire",35545,"33000",2021,"new hampshire","General Purpose",6596112000,1484817000,1231186000,0,2197650000,0,8929945000,0,104004000,9693874000,10422044000,-2562553000,1153302000,2704000,196238000,1377518,803420,58.323273049061,88268,"https://acfrs-docs.s3.us-east-2.amazonaws.com/acfrs/General%20Purpose/NH/State%20of%20New%20Hampshire/NH%20State%20of%20New%20Hampshire%202021.pdf"
"92","PA","Pennsylvania",37697,"42000",2021,"pennsylvania","General Purpose",88111700000,26705351000,15638886000,0,20243943000,0,91304334000,0,934388000,120314452000,127924673000,0,16320590000,0,0,13002689,9941070,76.4538903458512,68931,"https://acfrs-docs.s3.us-east-2.amazonaws.com/acfrs/General%20Purpose/PA/Commonwealth%20of%20Pennsylvania/PA%20Commonwealth%20of%20Pennsylvania%202021.pdf"
"93","WI","Wisconsin",39818,"55000",2021,"wisconsin","General Purpose",28571435000,10165101000,0,1756036000,1327648000,249006000,60482041000,0,2716624000,46600244000,49808866000,-6519443000,12824044000,12824044000,217939000,5893725,3953691,67.0831383517162,67150,"https://acfrs-docs.s3.us-east-2.amazonaws.com/acfrs/General%20Purpose/WI/State%20of%20Wisconsin/WI%20State%20of%20Wisconsin%202021.pdf"
"94","WV","West Virginia",39745,"54000",2021,"west virginia","General Purpose",13009788000,516932000,3450088000,99169000,285156000,0,23819363000,0,98971000,15967711000,17937193000,0,3596081000,0,0,1793755,800857,44.647926427595,51122,"https://acfrs-docs.s3.us-east-2.amazonaws.com/acfrs/General%20Purpose/WV/State%20of%20West%20Virginia/WV%20State%20of%20West%20Virginia%202021.pdf"
"95","WY","Wyoming",40122,"56000",2021,"wyoming","General Purpose",9272163993,6035179638,432262923,970439,527492619,0,32081120603,0,64129637,5714795363,8345118535,3999764181,11047303,0,0,576837,357750,62.017748083994,66508,"https://acfrs-docs.s3.us-east-2.amazonaws.com/acfrs/General%20Purpose/WY/State%20of%20Wyoming/WY%20State%20of%20Wyoming%202021.pdf"
"96","DE","Delaware",32212,"10000",2021,"delaware","General Purpose",19185075000,2491186000,1726785000,8830000,9564690000,0,16440516000,4944436000,242235000,13303770000,13557188000,-8387335000,3894611000,243447000,18769000,989957,817817,82.6121170000849,71636,"https://acfrs-docs.s3.us-east-2.amazonaws.com/acfrs/General%20Purpose/DE/State%20of%20Delaware/DE%20State%20of%20Delaware%202021.pdf"
"97","OH","Ohio",36835,"39000",2021,"ohio","General Purpose",56784830000,18006191000,3644138000,57300000,633413000,348900000,91083752000,0,625038000,95289768000,99447285000,6150545000,18697205000,0,0,11799374,9001099,76.2840685428674,62286,"https://acfrs-docs.s3.us-east-2.amazonaws.com/acfrs/General%20Purpose/OH/State%20of%20Ohio/OH%20State%20of%20Ohio%202021.pdf"
"98","MN","Minnesota",34704,"27000",2021,"minnesota","General Purpose",24774908000,7261740000,3239396000,0,687901000,0,52272292000,29742288000,561800000,56725995000,59996799000,0,8332095000,1199325000,0,5706504,4101754,71.878705208487,77712,"https://acfrs-docs.s3.us-east-2.amazonaws.com/acfrs/General%20Purpose/MN/State%20of%20Minnesota/MN%20State%20of%20Minnesota%202021.pdf"
"99","NM","New Mexico",82166,"35000",2021,"new mexico","General Purpose",20216469000,4117189000,9465093000,16932000,1419224000,0,58617130000,15346023000,208090000,27485101000,35714206000,-5995099000,3538922000,207702000,9325000,2117527,1578552,74.5471357558505,54304,"https://acfrs-docs.s3.us-east-2.amazonaws.com/acfrs/General%20Purpose/NM/State%20of%20New%20Mexico/NM%20State%20of%20New%20Mexico%202021.pdf"
"100","OK","Oklahoma",37320,"40000",2021,"oklahoma","General Purpose",7950765000,3747365000,991030000,17357000,149641000,35328000,32000426000,12027079000,186022000,27501193000,29320747000,5869347000,2717822000,NA,56330000,3959346,2558611,64.6219470706451,55829,"https://acfrs-docs.s3.us-east-2.amazonaws.com/acfrs/General%20Purpose/OK/State%20of%20Oklahoma/OK%20State%20of%20Oklahoma%202021.pdf"
"101","DE","Delaware",32212,"10000",2022,"delaware","General Purpose",17470769000,2150773500,392347000,1215401000,9319243000,0,19049452000,6308650000,226132200,11455407000,13284872000,-6950619000,3829645600,266615000,0,989957,817817,82.6121170000849,71636,"https://acfrs-docs.s3.us-east-2.amazonaws.com/acfrs/General%20Purpose/DE/State%20of%20Delaware/DE%20State%20of%20Delaware%202022.pdf"
"102","AR","Arkansas",49082,"05000",2022,"arkansas","General Purpose",10589316000,2815654000,809251000,0,1556019000,0,35503018000,14836593000,480268000,25897732000,29551130000,0,3114727000,0,243052000,3011555,1670677,55.476131022034,52577,"https://acfrs-docs.s3.us-east-2.amazonaws.com/acfrs/General%20Purpose/AR/State%20of%20Arkansas/AR%20State%20of%20Arkansas%202022.pdf"
"103","GA","Georgia",1265711,"13000",2022,"georgia","General Purpose",40723358000,15133639000,3680849000,236197000,5284431000,552364000,87837882000,42437008000,728599000,65650334000,77881358000,0,12150832000,2505252000,0,10711937,7933986,74.0669729426354,66507,"https://acfrs-docs.s3.us-east-2.amazonaws.com/acfrs/General%20Purpose/GA/State%20of%20Georgia/GA%20State%20of%20Georgia%202022.pdf"
"104","CT","Connecticut",149448,"09000",2022,"connecticut","General Purpose",97471207000,7972469000,36132877000,0,20916477000,0,48109469000,21004440000,721487000,40578862000,44357964000,-64629884000,29766162000,175287000,0,3605942,3110153,86.2507293513155,83628,"https://acfrs-docs.s3.us-east-2.amazonaws.com/acfrs/General%20Purpose/CT/State%20of%20Connecticut/CT%20State%20of%20Connecticut%202022.pdf"
"105","AK","Alaska",31574,"02000",2022,"alaska","General Purpose",12992621000,7970975000,2385726000,50916000,0,1978984000,104675321000,92208723000,197205000,9850996000,7917502000,18823743000,1260959000,0,1069000,733378,475967,64.899487449396,78437,"https://acfrs-docs.s3.us-east-2.amazonaws.com/acfrs/General%20Purpose/AK/State%20of%20Alaska/AK%20State%20of%20Alaska%202022.pdf"
"106","CO","Colorado",31946,"08000",2022,"colorado","General Purpose",37103515000,14785219000,8410864000,0,1567351000,0,61214825000,30383358000,704550000,45060065000,47079793000,0,4903124000,0,999002000,5773733,4966936,86.0267065531822,82228,"https://acfrs-docs.s3.us-east-2.amazonaws.com/acfrs/General%20Purpose/CO/State%20of%20Colorado/CO%20State%20of%20Colorado%202022.pdf"
"107","IA","Iowa",1036991,"19000",2022,"iowa","General Purpose",9689205000,59175000,287823000,128969000,453731000,0,36381382000,13069040000,591363000,27434877000,31029959000,6382850000,3214006000,40878000,0,3190372,2014831,63.1535411734505,65645,"https://acfrs-docs.s3.us-east-2.amazonaws.com/acfrs/General%20Purpose/IA/State%20of%20Iowa/IA%20State%20of%20Iowa%202022.pdf"
"108","ID","Idaho",32673,"16000",2022,"idaho","General Purpose",4430518000,2313910000,23641000,0,108492000,0,24354114000,4205616000,94466000,12540092000,14519523000,4339725000,786488000,0,522412000,1839092,1273437,69.2421752742909,66318,"https://acfrs-docs.s3.us-east-2.amazonaws.com/acfrs/General%20Purpose/ID/State%20of%20Idaho/ID%20State%20of%20Idaho%202022.pdf"
"109","KS","Kansas",33447,"20000",2022,"kansas","General Purpose",10127943000,3327238000,1688067000,0,51820000,0,26284361000,10132140000,117062000,21094701000,23645197000,0,3925041000,0,0,2937847,2124059,72.2990387626452,64128,"https://acfrs-docs.s3.us-east-2.amazonaws.com/acfrs/General%20Purpose/KS/State%20of%20Kansas/KS%20State%20of%20Kansas%202022.pdf"
"110","KY","Kentucky",90208,"21000",2022,"kentucky","General Purpose",38790928000,3063688000,25034578000,0,2761751000,0,41179616000,11046129000,275672000,32938645000,41145939000,0,5106850000,0,550050000,4505893,2644856,58.6984524070561,55532,"https://acfrs-docs.s3.us-east-2.amazonaws.com/acfrs/General%20Purpose/KY/Commonwealth%20of%20Kentucky/KY%20Commonwealth%20of%20Kentucky%202022.pdf"
"111","MD","Maryland",149463,"24000",2022,"maryland","General Purpose",60368151000,8761664000,13366859000,0,13434828000,0,69053742000,48636608000,413728000,55790349000,66355161000,-26406024000,16791067000,0,0,6177213,5288760,85.6170992018421,90129,"https://acfrs-docs.s3.us-east-2.amazonaws.com/acfrs/General%20Purpose/MD/State%20of%20Maryland/MD%20State%20of%20Maryland%202022.pdf"
"112","FL","Florida",32221,"12000",2022,"florida","General Purpose",61828638000,11499144000,3506978000,0,7283350000,0,204321276000,10258964000,811959000,107066144000,132913030000,8890639000,17905758000,0,5502000,21538226,19714806,91.534194591216,63054,"https://acfrs-docs.s3.us-east-2.amazonaws.com/acfrs/General%20Purpose/FL/State%20of%20Florida/FL%20State%20of%20Florida%202022.pdf"
"113","ND","North Dakota",1241002,"38000",2022,"north dakota","General Purpose",9629813391,5106600721,535009808,31759726,28401715,0,40117070762,6023232465,91822000,9571845154,10069386442,0,2286788000,0,152510000,779091,474989,60.9668409716928,67603,"https://acfrs-docs.s3.us-east-2.amazonaws.com/acfrs/General%20Purpose/ND/State%20of%20North%20Dakota/ND%20State%20of%20North%20Dakota%202022.pdf"
"114","NC","North Carolina",40620,"37000",2022,"north carolina","General Purpose",31504536000,12160266000,1502331000,31046000,6397613000,3354000,109276007000,39435502000,598458000,68227210000,79555030000,0,8789935000,0,229530000,10439414,6964727,66.7158553738974,61997,"https://acfrs-docs.s3.us-east-2.amazonaws.com/acfrs/General%20Purpose/NC/State%20of%20North%20Carolina/NC%20State%20of%20North%20Carolina%202022.pdf"
"115","MN","Minnesota",34704,"27000",2022,"minnesota","General Purpose",22917985000,8517624000,1692383000,0,721365000,0,60650937000,37335704000,567430000,51379767000,62108831000,7470168000,8749227000,67173000,0,5706504,4101754,71.878705208487,77712,"https://acfrs-docs.s3.us-east-2.amazonaws.com/acfrs/General%20Purpose/MN/State%20of%20Minnesota/MN%20State%20of%20Minnesota%202022.pdf"
"116","IL","Illinois",1267369,"17000",2022,"illinois","General Purpose",247942779000,26518751000,139846404000,0,46611408000,0,76209709000,45363713000,440683000,104891623000,122045622000,0,30696448000,0,10033000,12812545,11137590,86.9274774306482,72215,"https://acfrs-docs.s3.us-east-2.amazonaws.com/acfrs/General%20Purpose/IL/State%20of%20Illinois/IL%20State%20of%20Illinois%202022.pdf"
"117","MO","Missouri",148599,"29000",2022,"missouri","General Purpose",20075010000,5126640000,6458736000,0,3177080000,0,57445965000,22741111000,198906000,33533714000,38527813000,-1667558,2114352000,0,0,6154920,4275663,69.4674806938782,61815,"https://acfrs-docs.s3.us-east-2.amazonaws.com/acfrs/General%20Purpose/MO/State%20of%20Missouri/MO%20State%20of%20Missouri%202022.pdf"
"118","MT","Montana",64951,"30000",2022,"montana","General Purpose",4907686000,2097687000,1926586000,59202000,120548000,0,18193420000,6940337000,110898000,8019855000,9695767000,0,224961000,0,6963000,1084197,579177,53.4185247527035,63357,"https://acfrs-docs.s3.us-east-2.amazonaws.com/acfrs/General%20Purpose/MT/State%20of%20Montana/MT%20State%20of%20Montana%202022.pdf"
"119","NE","Nebraska",35432,"31000",2022,"nebraska","General Purpose",4658981000,3931094000,93694000,626992000,24606000,0,24270224000,4168064000,144018000,11734710000,13311159000,3359612000,0,0,0,1961489,1432003,73.005357113725,66949,"https://acfrs-docs.s3.us-east-2.amazonaws.com/acfrs/General%20Purpose/NE/State%20of%20Nebraska/NE%20State%20of%20Nebraska%202022.pdf"
"120","NH","New Hampshire",35545,"33000",2022,"new hampshire","General Purpose",6359392000,1850146000,850545000,0,2022441000,0,9970800000,3959191000,99027000,8466999000,9714109000,-1643056000,1090588000,0,198526000,1377518,803420,58.323273049061,88268,"https://acfrs-docs.s3.us-east-2.amazonaws.com/acfrs/General%20Purpose/NH/State%20of%20New%20Hampshire/NH%20State%20of%20New%20Hampshire%202022.pdf"
"121","NJ","New Jersey",40624,"34000",2022,"new jersey","General Purpose",224574201619,12009053193,75075280124,1609824,88854449562,0,75792318349,43336250589,627200000,82409829204,97350659517,-204246015529,23615600000,2513100000,0,9289031,8708779,93.7537369493403,89227,"https://acfrs-docs.s3.us-east-2.amazonaws.com/acfrs/General%20Purpose/NJ/State%20of%20New%20Jersey/NJ%20State%20of%20New%20Jersey%202022.pdf"
"122","NY","New York",42220,"36000",2022,"new york","General Purpose",245485000000,81459000000,513000000,0,67729000000,17000000,260647000000,43768000000,1752000000,278723000000,298881000000,0,4399000000,0,0,20201230,17665166,87.4459099038876,74230,"https://acfrs-docs.s3.us-east-2.amazonaws.com/acfrs/General%20Purpose/NY/State%20of%20New%20York/NY%20State%20of%20New%20York%202022.pdf"
"123","NV","Nevada",35504,"32000",2022,"nevada","General Purpose",11951377000,5596195000,1517054000,0,912584000,0,25409855000,11184236000,117552000,18913683000,21329663000,-492488000,3205081000,0,0,3104624,2921203,94.0923090599991,66194,"https://acfrs-docs.s3.us-east-2.amazonaws.com/acfrs/General%20Purpose/NV/State%20of%20Nevada/NV%20State%20of%20Nevada%202022.pdf"
"124","OK","Oklahoma",37320,"40000",2022,"oklahoma","General Purpose",9140042000,5139232000,75425000,1087517000,157594000,104422000,38667150000,17033001000,190316000,26823206000,30489530000,8800425000,3157937000,0,109952000,3959346,2558611,64.6219470706451,55829,"https://acfrs-docs.s3.us-east-2.amazonaws.com/acfrs/General%20Purpose/OK/State%20of%20Oklahoma/OK%20State%20of%20Oklahoma%202022.pdf"
"125","LA","Louisiana",90240,"22000",2022,"louisiana","General Purpose",37973068000,14376799000,4890631000,0,6858087000,0,47787993000,29123232000,237696000,40152271000,43813677000,0,8105498000,0,22083000,4657749,3332237,71.5416669439818,52090,"https://acfrs-docs.s3.us-east-2.amazonaws.com/acfrs/General%20Purpose/LA/State%20of%20Louisiana/LA%20State%20of%20Louisiana%202022.pdf"
"126","OH","Ohio",36835,"39000",2022,"ohio","General Purpose",53399275000,17360425000,2200534000,78800000,380714000,666655000,96693208000,41886308000,626690000,84391716000,92740138000,1104765000,17706873000,0,0,11799374,9001099,76.2840685428674,62286,"https://acfrs-docs.s3.us-east-2.amazonaws.com/acfrs/General%20Purpose/OH/State%20of%20Ohio/OH%20State%20of%20Ohio%202022.pdf"
"127","SC","South Carolina",38235,"45000",2022,"south carolina","General Purpose",18760755000,7784270000,3671799000,0,4178946000,0,48202033000,16641514000,215644000,32988241000,38147313000,-827664000,1676480000,0,70819000,5118429,3477869,67.948030888408,59447,"https://acfrs-docs.s3.us-east-2.amazonaws.com/acfrs/General%20Purpose/SC/State%20of%20South%20Carolina/SC%20State%20of%20South%20Carolina%202022.pdf"
"128","ME","Maine",33873,"23000",2022,"maine","General Purpose",8461350000,1504499000,1413826000,20087000,2577091000,0,11874823000,5295537000,72214000,12941312000,13568956000,NA,986000000,270449000,NA,1362341,526309,38.6321813853764,64823,"https://acfrs-docs.s3.us-east-2.amazonaws.com/acfrs/General%20Purpose/ME/State%20of%20Maine/ME%20State%20of%20Maine%202022.pdf"
"129","MA","Massachusetts",149462,"25000",2022,"massachusetts","General Purpose",119941152000,5731466000,34806645000,0,15217822000,0,60764752000,39452848000,1001576000,83357551000,91731184000,-72863652000,45857895000,0,0,7029949,6416895,91.2798116962121,89577,"https://acfrs-docs.s3.us-east-2.amazonaws.com/acfrs/General%20Purpose/MA/Commonwealth%20of%20Massachusetts/MA%20Commonwealth%20of%20Massachusetts%202022.pdf"
"130","PA","Pennsylvania",37697,"42000",2022,"pennsylvania","General Purpose",76883947000,20465022000,12550399000,0,19492810000,0,98197157000,44944395000,962177000,108003747000,124984855000,0,15148106000,0,0,13002689,9941070,76.4538903458512,68931,"https://acfrs-docs.s3.us-east-2.amazonaws.com/acfrs/General%20Purpose/PA/Commonwealth%20of%20Pennsylvania/PA%20Commonwealth%20of%20Pennsylvania%202022.pdf"
"131","RI","Rhode Island",38202,"44000",2022,"rhode island","General Purpose",8946041000,2535018000,2837608000,7256000,211355000,18381000,10912345000,5425541000,98630000,11750228000,12991181000,-4510563000,3012221000,0,0,1097371,999191,91.0524987265111,73324,"https://acfrs-docs.s3.us-east-2.amazonaws.com/acfrs/General%20Purpose/RI/State%20of%20Rhode%20Island/RI%20State%20of%20Rhode%20Island%202022.pdf"
"132","AZ","Arizona",40623,"04000",2022,"arizona","General Purpose",24785156000,7287368000,4005498000,0,1158418000,123957000,71928237000,23549222000,513983000,54175737000,62720722000,0,5738395000,0,163705000,7151507,6385230,89.2851599566077,68967,"https://acfrs-docs.s3.us-east-2.amazonaws.com/acfrs/General%20Purpose/AZ/State%20of%20Arizona/AZ%20State%20of%20Arizona%202022.pdf"
"133","VT","Vermont",39343,"50000",2022,"vermont","General Purpose",7965341237,1870596466,2512066064,0,2738757616,0,7833710631,3855588836,47957346,7972305295,8614197245,0,628865865,0,0,643085,225850,35.1202111100226,72415,"https://acfrs-docs.s3.us-east-2.amazonaws.com/acfrs/General%20Purpose/VT/State%20of%20Vermont/VT%20State%20of%20Vermont%202022.pdf"
"134","TN","Tennessee",38453,"47000",2022,"tennessee","General Purpose",11804020000,7597871000,0,488630000,1176636000,0,65840759000,28858494000,349798000,39696980000,47122100000,0,1695430000,0,89563000,6910786,4577282,66.2333667108485,59698,"https://acfrs-docs.s3.us-east-2.amazonaws.com/acfrs/General%20Purpose/TN/State%20of%20Tennessee/TN%20State%20of%20Tennessee%202022.pdf"
"135","WA","Washington",39528,"53000",2022,"washington","General Purpose",94852592000,12559167000,956169000,10878819000,6467340000,0,133313411000,45683717000,988504000,80919363000,82670407000,0,28202688000,0,2786000,7705247,6424035,83.3718458807667,84155,"https://acfrs-docs.s3.us-east-2.amazonaws.com/acfrs/General%20Purpose/WA/State%20of%20Washington/WA%20State%20of%20Washington%202022.pdf"
"136","WI","Wisconsin",39818,"55000",2022,"wisconsin","General Purpose",28179045000,9503899000,0,2293688000,1466836000,285598000,65787156000,26468106000,2741890000,46518632000,52248197000,-2812180000,12460879000,0,73448000,5893725,3953691,67.0831383517162,67150,"https://acfrs-docs.s3.us-east-2.amazonaws.com/acfrs/General%20Purpose/WI/State%20of%20Wisconsin/WI%20State%20of%20Wisconsin%202022.pdf"
"137","WY","Wyoming",40122,"56000",2022,"wyoming","General Purpose",10722590497,7412305944,346254457,3044511,513331130,0,33353716015,31462321705,60546496,4931335715,4565888495,0,8110475,0,0,576837,357750,62.017748083994,66508,"https://acfrs-docs.s3.us-east-2.amazonaws.com/acfrs/General%20Purpose/WY/State%20of%20Wyoming/WY%20State%20of%20Wyoming%202022.pdf"
"138","VA","Virginia",39392,"51000",2022,"virginia","General Purpose",35033174000,16777683000,2823571000,0,1063130000,0,83380609000,28736022000,347462000,64922221000,73504448000,0,8126356000,188420000,0,8631384,6528313,75.6345238827615,80926,"https://acfrs-docs.s3.us-east-2.amazonaws.com/acfrs/General%20Purpose/VA/Commonwealth%20of%20Virginia/VA%20Commonwealth%20of%20Virginia%202022.pdf"
"139","OR","Oregon",37525,"41000",2022,"oregon","General Purpose",23903290000,3434804000,2894714000,0,92753000,125004000,52967190000,27554509000,343425000,42044408000,47148999000,0,12181796000,298193000,NA,4237291,3410984,80.4998329107328,71441,"https://acfrs-docs.s3.us-east-2.amazonaws.com/acfrs/General%20Purpose/OR/State%20of%20Oregon/OR%20State%20of%20Oregon%202022.pdf"
"140","HI","Hawaii",71062,"15000",2022,"hawaii","General Purpose",28246474000,2752439000,6323283000,0,5415988000,0,28081002000,3753629000,292276000,16304638000,18691011000,-9930288000,12472443000,NA,NA,1455273,1252450,86.0630081957244,85547,"https://acfrs-docs.s3.us-east-2.amazonaws.com/acfrs/General%20Purpose/HI/State%20of%20Hawaii/HI%20State%20of%20Hawaii%202022.pdf"
"141","IN","Indiana",196751,"18000",2022,"indiana","General Purpose",18375927000,7430648000,9781677000,51213000,70133000,9290000,43652718000,21108069000,209060000,46841886000,51798359000,4581626000,NA,NA,NA,6785668,4829686,71.1762739760266,62723,"https://acfrs-docs.s3.us-east-2.amazonaws.com/acfrs/General%20Purpose/IN/State%20of%20Indiana/IN%20State%20of%20Indiana%202022.pdf"
"142","MI","Michigan",80814,"26000",2022,"michigan","General Purpose",35770264000,14964881000,4680400000,0,5539800000,0,71294762000,42575463000,443400000,76703213000,87300038000,-2528135000,7211700000,0,0,10077325,7404258,73.4743951548282,63444,"https://acfrs-docs.s3.us-east-2.amazonaws.com/acfrs/General%20Purpose/MI/State%20of%20Michigan/MI%20State%20of%20Michigan%202022.pdf"
"143","SD","South Dakota",38382,"46000",2022,"south dakota","General Purpose",2352102000,1518793000,0,156577000,0,0,10918634000,4488178000,72189000,5464720000,5795476000,1924385000,509236000,0,102502000,886677,507347,57.2195649550508,66843,"https://acfrs-docs.s3.us-east-2.amazonaws.com/acfrs/General%20Purpose/SD/State%20of%20South%20Dakota/SD%20State%20of%20South%20Dakota%202022.pdf"
"144","MS","Mississippi",95852,"28000",2022,"mississippi","General Purpose",13476906000,3301950000,2601904000,0,143450000,0,33540395000,13222254000,131316000,20184345000,22623122000,NA,5083768000,NA,658825000,2961288,1370790,46.2904711106248,48871,"https://acfrs-docs.s3.us-east-2.amazonaws.com/acfrs/General%20Purpose/MS/State%20of%20Mississippi/MS%20State%20of%20Mississippi%202022.pdf"
"145","NM","New Mexico",82166,"35000",2022,"new mexico","General Purpose",16422831000,4767930000,5026620000,31593000,1179892000,0,65514848000,21422569000,205063000,25736568000,31553149000,-5874499000,3659116000,9432000,8235000,2117527,1578552,74.5471357558505,54304,"https://acfrs-docs.s3.us-east-2.amazonaws.com/acfrs/General%20Purpose/NM/State%20of%20New%20Mexico/NM%20State%20of%20New%20Mexico%202022.pdf"
"146","AL","Alabama",31550,"01000",2022,"alabama","General Purpose",15782655000,4026823000,3563587000,0,847193000,0,46509637000,15785057000,337147000,31015310000,34258018000,-8367416000,6328378000,58650000,0,5024356,2900880,57.7372395123758,53990,"https://acfrs-docs.s3.us-east-2.amazonaws.com/acfrs/General%20Purpose/AL/State%20of%20Alabama/AL%20State%20of%20Alabama%202022.pdf"
"147","TX","Texas",38611,"48000",2022,"texas","General Purpose",221174854000,41312562000,30883865000,0,77666435000,0,475449878000,114839703000,2168494000,200863596000,247834996000,-70068108000,60559197000,3150210000,2010235000,29145428,24400697,83.7202752191118,66959,"https://acfrs-docs.s3.us-east-2.amazonaws.com/acfrs/General%20Purpose/TX/State%20of%20Texas/TX%20State%20of%20Texas%202022.pdf"
"148","WV","West Virginia",39745,"54000",2022,"west virginia","General Purpose",10321618000,750098000,1468673000,719137000,0,18945000,25608674000,12526066000,94842000,16243713000,18927626000,744330000,3437851000,0,21244000,1793755,800857,44.647926427595,51122,"https://acfrs-docs.s3.us-east-2.amazonaws.com/acfrs/General%20Purpose/WV/State%20of%20West%20Virginia/WV%20State%20of%20West%20Virginia%202022.pdf"
"149","CA","California",31665,"06000",2022,"california","General Purpose",498154488000,217714410000,54169128000,0,94283183000,0,467861788000,280842360000,5701391000,455306389000,477412465000,NA,109461374000,40323000,1772038000,39538245,37259490,94.2366327389068,84831,"https://acfrs-docs.s3.us-east-2.amazonaws.com/acfrs/General%20Purpose/CA/State%20of%20California/CA%20State%20of%20California%202022.pdf"
"150","UT","Utah",39282,"49000",2022,"utah","General Purpose",6450339000,3096536000,927000,288012000,2012000,353000,46134874000,16867918000,231060000,18788083000,24377685000,0,2609935000,0,3794000,3271614,2937303,89.7814107768149,79449,"https://acfrs-docs.s3.us-east-2.amazonaws.com/acfrs/General%20Purpose/UT/State%20of%20Utah/UT%20State%20of%20Utah%202022.pdf"
"151","PA","Pennsylvania",37697,"42000",2023,"pennsylvania","General Purpose",76348853000,17570987000,19665075000,NA,17293283000,NA,102136161000,44262232000,925035000,110830645000,121690334000,-19689463000,15085197000,NA,NA,13002689,9941070,76.4538903458512,68931,"https://acfrs-docs.s3.us-east-2.amazonaws.com/acfrs/General%20Purpose/PA/Commonwealth%20of%20Pennsylvania/PA%20Commonwealth%20of%20Pennsylvania%202023.pdf"
"152","ID","Idaho",32673,"16000",2023,"idaho","General Purpose",4828266000,2416822000,930541000,NA,84361000,NA,25239929000,12261392000,97175000,14885854000,15928864000,4411382000,593590000,NA,642657000,1839092,1273437,69.2421752742909,66318,"https://acfrs-docs.s3.us-east-2.amazonaws.com/acfrs/General%20Purpose/ID/State%20of%20Idaho/ID%20State%20of%20Idaho%202023.pdf"
"153","NH","New Hampshire",35545,"33000",2023,"new hampshire","General Purpose",6024839000,1863898000,1104165000,NA,1620651000,NA,10597603000,3437563000,104700000,9378095000,10303049000,-1114219000,1040460000,NA,198526000,1377518,803420,58.323273049061,88268,"https://acfrs-docs.s3.us-east-2.amazonaws.com/acfrs/General%20Purpose/NH/State%20of%20New%20Hampshire/NH%20State%20of%20New%20Hampshire%202023.pdf"
"154","NJ","New Jersey",40624,"34000",2023,"new jersey","General Purpose",213348921663,16451038352,79782855359,2128686,74932328427,NA,80656652950,47792699713,582200000,82775003748,95179753700,-190441181268,25815300000,1279400000,NA,9289031,8708779,93.7537369493403,89227,"https://acfrs-docs.s3.us-east-2.amazonaws.com/acfrs/General%20Purpose/NJ/State%20of%20New%20Jersey/NJ%20State%20of%20New%20Jersey%202023.pdf"
"155","OH","Ohio",36835,"39000",2023,"ohio","General Purpose",55767776000,20105872000,6860611000,NA,372265000,9228000,101399849000,45023108000,642332000,87519249000,94876682000,5454925000,16452416000,NA,NA,11799374,9001099,76.2840685428674,62286,"https://acfrs-docs.s3.us-east-2.amazonaws.com/acfrs/General%20Purpose/OH/State%20of%20Ohio/OH%20State%20of%20Ohio%202023.pdf"
"156","IN","Indiana",196751,"18000",2023,"indiana","General Purpose",20187034000,9146630000,10097422000,282000,68914000,NA,45752216000,25430256000,NA,47598914000,52075385000,7361440000,NA,NA,NA,6785668,4829686,71.1762739760266,62723,"https://acfrs-docs.s3.us-east-2.amazonaws.com/acfrs/General%20Purpose/IN/State%20of%20Indiana/IN%20State%20of%20Indiana%202023.pdf"
"157","NE","Nebraska",35432,"31000",2023,"nebraska","General Purpose",4909995000,4102411000,493745000,NA,26656000,NA,24639377000,13710591000,147652000,13040548000,14246426000,3918376000,NA,NA,NA,1961489,1432003,73.005357113725,66949,"https://acfrs-docs.s3.us-east-2.amazonaws.com/acfrs/General%20Purpose/NE/State%20of%20Nebraska/NE%20State%20of%20Nebraska%202023.pdf"
"158","MD","Maryland",149463,"24000",2023,"maryland","General Purpose",60634422000,8596104000,17928677000,NA,11869362000,NA,70410874000,29790384000,469694000,54093597000,60535960000,-20458383000,21872400000,NA,NA,6177213,5288760,85.6170992018421,90129,"https://acfrs-docs.s3.us-east-2.amazonaws.com/acfrs/General%20Purpose/MD/State%20of%20Maryland/MD%20State%20of%20Maryland%202023.pdf"
"159","OR","Oregon",37525,"41000",2023,"oregon","General Purpose",26140619000,6471746000,4011314000,NA,78796000,128296000,59699135000,31797988000,336719000,43919417000,49518175000,13589716000,13425805000,195980000,NA,4237291,3410984,80.4998329107328,71441,"https://acfrs-docs.s3.us-east-2.amazonaws.com/acfrs/General%20Purpose/OR/State%20of%20Oregon/OR%20State%20of%20Oregon%202023.pdf"
"160","AR","Arkansas",49082,"05000",2023,"arkansas","General Purpose",12000837000,3727715000,2388842000,NA,1535961000,NA,37956112000,16601411000,305362000,27681127000,30525010000,1293514000,2926842000,NA,247946000,3011555,1670677,55.476131022034,52577,"https://acfrs-docs.s3.us-east-2.amazonaws.com/acfrs/General%20Purpose/AR/State%20of%20Arkansas/AR%20State%20of%20Arkansas%202023.pdf"
"161","NY","New York",42220,"36000",2023,"new york","General Purpose",233269000000,79431000000,739000000,3919000000,66518000000,85000000,273931000000,153209000000,1624000000,264864000000,293450000000,-57633000000,50234000000,0,0,20201230,17665166,87.4459099038876,74230,"https://acfrs-docs.s3.us-east-2.amazonaws.com/acfrs/General%20Purpose/NY/State%20of%20New%20York/NY%20State%20of%20New%20York%202023.pdf"
"162","VA","Virginia",39392,"51000",2023,"virginia","General Purpose",34846362000,17940297000,3563248000,NA,975700000,NA,88212287000,48097670000,385942000,69281418000,72374541000,11382388000,10037275000,191765000,NA,8631384,6528313,75.6345238827615,80926,"https://acfrs-docs.s3.us-east-2.amazonaws.com/acfrs/General%20Purpose/VA/Commonwealth%20of%20Virginia/VA%20Commonwealth%20of%20Virginia%202023.pdf"
"163","WV","West Virginia",39745,"54000",2023,"west virginia","General Purpose",10577802000,3041083000,2566079000,147276000,71920000,NA,25662827000,12827110000,99569000,17590477000,19888194000,1322530000,3263627000,NA,10777000,1793755,800857,44.647926427595,51122,"https://acfrs-docs.s3.us-east-2.amazonaws.com/acfrs/General%20Purpose/WV/State%20of%20West%20Virginia/WV%20State%20of%20West%20Virginia%202023.pdf"
"164","CT","Connecticut",149448,"09000",2023,"connecticut","General Purpose",94427521000,8123173000,40357048000,0,16901787000,0,45378457000,18008646000,757216000,39803224000,43934704000,-60871262000,29166689000,4101000,NA,3605942,3110153,86.2507293513155,83628,"https://acfrs-docs.s3.us-east-2.amazonaws.com/acfrs/General%20Purpose/CT/State%20of%20Connecticut/CT%20State%20of%20Connecticut%202023.pdf"
"165","FL","Florida",32221,"12000",2023,"florida","General Purpose",71818096000,25959853000,7796162000,NA,5441065000,NA,213264588000,98558323000,934364000,134835721000,140273000000,16064829000,16908621000,NA,4675000,21538226,19714806,91.534194591216,63054,"https://acfrs-docs.s3.us-east-2.amazonaws.com/acfrs/General%20Purpose/FL/State%20of%20Florida/FL%20State%20of%20Florida%202023.pdf"
"166","ME","Maine",33873,"23000",2023,"maine","General Purpose",8958318000,2648870000,2271729000,13561000,2365105000,NA,12092852000,5980795000,NA,12696838000,13370985000,-1602910000,1019163000,262009000,NA,1362341,526309,38.6321813853764,64823,"https://acfrs-docs.s3.us-east-2.amazonaws.com/acfrs/General%20Purpose/ME/State%20of%20Maine/ME%20State%20of%20Maine%202023.pdf"
"167","KS","Kansas",33447,"20000",2023,"kansas","General Purpose",10067331000,3463897000,2077708000,NA,40942000,NA,28065387000,12781130000,124047000,21770461000,24251484000,1845232000,1604454000,NA,NA,2937847,2124059,72.2990387626452,64128,"https://acfrs-docs.s3.us-east-2.amazonaws.com/acfrs/General%20Purpose/KS/State%20of%20Kansas/KS%20State%20of%20Kansas%202023.pdf"
"168","KY","Kentucky",90208,"21000",2023,"kentucky","General Purpose",42245074000,4146870000,28985348000,NA,2415033000,NA,44136826000,15958330000,321769000,38745528000,42585402000,-22270975000,4935050000,NA,435602000,4505893,2644856,58.6984524070561,55532,"https://acfrs-docs.s3.us-east-2.amazonaws.com/acfrs/General%20Purpose/KY/Commonwealth%20of%20Kentucky/KY%20Commonwealth%20of%20Kentucky%202023.pdf"
"169","NC","North Carolina",40620,"37000",2023,"north carolina","General Purpose",32215972000,13812243000,3814792000,15327000,4746083000,NA,117807507000,46055198000,606250000,70615170000,80173021000,21874184000,7455530000,NA,722176000,10439414,6964727,66.7158553738974,61997,"https://acfrs-docs.s3.us-east-2.amazonaws.com/acfrs/General%20Purpose/NC/State%20of%20North%20Carolina/NC%20State%20of%20North%20Carolina%202023.pdf"
"170","TN","Tennessee",38453,"47000",2023,"tennessee","General Purpose",13489510000,8963412000,847033000,16547000,1116063000,NA,72206670000,36195178000,393540000,43024664000,49624332000,22567773000,1517407000,NA,72938000,6910786,4577282,66.2333667108485,59698,"https://acfrs-docs.s3.us-east-2.amazonaws.com/acfrs/General%20Purpose/TN/State%20of%20Tennessee/TN%20State%20of%20Tennessee%202023.pdf"
"171","VT","Vermont",39343,"50000",2023,"vermont","General Purpose",7029140859,1811542964,3042421042,NA,1508363428,NA,8021052878,3902330283,50342689,8307542108,8757784852,-3059634487,567486652,NA,NA,643085,225850,35.1202111100226,72415,"https://acfrs-docs.s3.us-east-2.amazonaws.com/acfrs/General%20Purpose/VT/State%20of%20Vermont/VT%20State%20of%20Vermont%202023.pdf"
"172","UT","Utah",39282,"49000",2023,"utah","General Purpose",6562971000,3554299000,641507000,859000,1610000,18441000,49566056000,24826908000,254992000,20201111000,24277085000,10314882000,2188574000,NA,3035000,3271614,2937303,89.7814107768149,79449,"https://acfrs-docs.s3.us-east-2.amazonaws.com/acfrs/General%20Purpose/UT/State%20of%20Utah/UT%20State%20of%20Utah%202023.pdf"
"173","WI","Wisconsin",39818,"55000",2023,"wisconsin","General Purpose",29135339000,10794544000,1519366000,NA,1213346000,88420000,66213928000,31628564000,2855011000,49063790000,51566041000,2406746000,12285101000,NA,189741000,5893725,3953691,67.0831383517162,67150,"https://acfrs-docs.s3.us-east-2.amazonaws.com/acfrs/General%20Purpose/WI/State%20of%20Wisconsin/WI%20State%20of%20Wisconsin%202023.pdf"
"174","AZ","Arizona",40623,"04000",2023,"arizona","General Purpose",24624370000,11929458000,3854417000,NA,941862000,123860000,74614337000,24111238000,540950000,60815839000,63342902000,6721722000,5570511000,NA,141905000,7151507,6385230,89.2851599566077,68967,"https://acfrs-docs.s3.us-east-2.amazonaws.com/acfrs/General%20Purpose/AZ/State%20of%20Arizona/AZ%20State%20of%20Arizona%202023.pdf"
"175","MS","Mississippi",95852,"28000",2023,"mississippi","General Purpose",14166100000,4891574000,3562808000,NA,106051000,NA,35851289000,15211211000,137256000,22142806000,24638434000,-2903765000,4822199000,NA,629766000,2961288,1370790,46.2904711106248,48871,"https://acfrs-docs.s3.us-east-2.amazonaws.com/acfrs/General%20Purpose/MS/State%20of%20Mississippi/MS%20State%20of%20Mississippi%202023.pdf"
"176","SC","South Carolina",38235,"45000",2023,"south carolina","General Purpose",18316175000,9228755000,3986624000,NA,2934185000,NA,51008258000,29107325000,234923000,39214172000,41607525000,947595000,1561374000,NA,43932000,5118429,3477869,67.948030888408,59447,"https://acfrs-docs.s3.us-east-2.amazonaws.com/acfrs/General%20Purpose/SC/State%20of%20South%20Carolina/SC%20State%20of%20South%20Carolina%202023.pdf"
"177","IA","Iowa",1036991,"19000",2023,"iowa","General Purpose",10146829000,5182161000,868187000,66000,423452000,NA,40438873000,16117423000,594608000,27468208000,30900070000,8806776000,3093339000,37459000,NA,3190372,2014831,63.1535411734505,65645,"https://acfrs-docs.s3.us-east-2.amazonaws.com/acfrs/General%20Purpose/IA/State%20of%20Iowa/IA%20State%20of%20Iowa%202023.pdf"
"178","LA","Louisiana",90240,"22000",2023,"louisiana","General Purpose",38580395000,16601434000,7030224000,NA,5051063000,NA,53694167000,34324509000,242082000,42383970000,48354898000,-10237898000,7791088000,NA,14725000,4657749,3332237,71.5416669439818,52090,"https://acfrs-docs.s3.us-east-2.amazonaws.com/acfrs/General%20Purpose/LA/State%20of%20Louisiana/LA%20State%20of%20Louisiana%202023.pdf"
"179","DE","Delaware",32212,"10000",2023,"delaware","General Purpose",17358808000,2596317000,1641519000,12104000,7808365000,NA,19252285000,9412591000,227820000,12317240000,13719480000,-6102267000,4086177000,282281000,NA,989957,817817,82.6121170000849,71636,"https://acfrs-docs.s3.us-east-2.amazonaws.com/acfrs/General%20Purpose/DE/State%20of%20Delaware/DE%20State%20of%20Delaware%202023.pdf"
"180","CO","Colorado",31946,"08000",2023,"colorado","General Purpose",43122163000,15031632000,15149174000,NA,1411029000,NA,62736138000,29093489000,756677000,48647774000,49998371000,1573519000,4854712000,NA,943124000,5773733,4966936,86.0267065531822,82228,"https://acfrs-docs.s3.us-east-2.amazonaws.com/acfrs/General%20Purpose/CO/State%20of%20Colorado/CO%20State%20of%20Colorado%202023.pdf"
"181","AL","Alabama",31550,"01000",2023,"alabama","General Purpose",16833587000,4414992000,4898527000,NA,963634000,NA,48253269000,23618989000,353018000,33887025000,36145461000,-7575497000,5985267000,52953000,NA,5024356,2900880,57.7372395123758,53990,"https://acfrs-docs.s3.us-east-2.amazonaws.com/acfrs/General%20Purpose/AL/State%20of%20Alabama/AL%20State%20of%20Alabama%202023.pdf"
"182","AK","Alaska",31574,"02000",2023,"alaska","General Purpose",10899062000,4886846000,4027292000,16327000,NA,1746935000,103767182000,91363647000,207395000,12450752000,15954092000,14600691000,1185387000,NA,NA,733378,475967,64.899487449396,78437,"https://acfrs-docs.s3.us-east-2.amazonaws.com/acfrs/General%20Purpose/AK/State%20of%20Alaska/AK%20State%20of%20Alaska%202023.pdf"
"183","HI","Hawaii",71062,"15000",2023,"hawaii","General Purpose",27517241000,3665659000,6791174000,NA,4765622000,NA,30733824000,13554979000,299481000,15189728000,18924417000,-7403133000,12357333000,NA,NA,1455273,1252450,86.0630081957244,85547,"https://acfrs-docs.s3.us-east-2.amazonaws.com/acfrs/General%20Purpose/HI/State%20of%20Hawaii/HI%20State%20of%20Hawaii%202023.pdf"
"184","MA","Massachusetts",149462,"25000",2023,"massachusetts","General Purpose",120087842000,15991084000,41671866000,NA,12691524000,NA,58683423000,37066004000,1032724000,87153491000,91028754000,-70187860000,46352040000,NA,NA,7029949,6416895,91.2798116962121,89577,"https://acfrs-docs.s3.us-east-2.amazonaws.com/acfrs/General%20Purpose/MA/Commonwealth%20of%20Massachusetts/MA%20Commonwealth%20of%20Massachusetts%202023.pdf"
"185","MT","Montana",64951,"30000",2023,"montana","General Purpose",5848400000,2894858000,2523157000,51435000,30302000,NA,19837789000,8104971000,116493000,8608375000,9661761000,1766924000,69007000,NA,6236000,1084197,579177,53.4185247527035,63357,"https://acfrs-docs.s3.us-east-2.amazonaws.com/acfrs/General%20Purpose/MT/State%20of%20Montana/MT%20State%20of%20Montana%202023.pdf"
"186","NM","New Mexico",82166,"35000",2023,"new mexico","General Purpose",18288736000,6681349000,6261975000,26125000,914717000,NA,78546423000,65525568000,213829000,27839171000,39931243000,-5490104000,3727585000,8421000,11993000,2117527,1578552,74.5471357558505,54304,"https://acfrs-docs.s3.us-east-2.amazonaws.com/acfrs/General%20Purpose/NM/State%20of%20New%20Mexico/NM%20State%20of%20New%20Mexico%202023.pdf"
"187","ND","North Dakota",1241002,"38000",2023,"north dakota","General Purpose",10406706743,4891757892,1520861178,15684703,60247890,NA,43362886060,27817339850,97235000,10421845601,13595460383,16503194705,2689731000,NA,714282000,779091,474989,60.9668409716928,67603,"https://acfrs-docs.s3.us-east-2.amazonaws.com/acfrs/General%20Purpose/ND/State%20of%20North%20Dakota/ND%20State%20of%20North%20Dakota%202023.pdf"
"188","SD","South Dakota",38382,"46000",2023,"south dakota","General Purpose",2461212000,1603577000,NA,1945000,NA,NA,11585378000,6648218000,81791000,5724047000,6450054000,2329479000,632561000,NA,100016000,886677,507347,57.2195649550508,66843,"https://acfrs-docs.s3.us-east-2.amazonaws.com/acfrs/General%20Purpose/SD/State%20of%20South%20Dakota/SD%20State%20of%20South%20Dakota%202023.pdf"
"189","WA","Washington",39528,"53000",2023,"washington","General Purpose",93371863000,16779191000,1518392000,5581494000,4245405000,NA,133741566000,49263327000,1040165000,85433535000,91889102000,-10587148000,28340793000,NA,1205000,7705247,6424035,83.3718458807667,84155,"https://acfrs-docs.s3.us-east-2.amazonaws.com/acfrs/General%20Purpose/WA/State%20of%20Washington/WA%20State%20of%20Washington%202023.pdf"
"190","WY","Wyoming",40122,"56000",2023,"wyoming","General Purpose",8902153260,6412250250,583964587,NA,428257562,NA,34905978195,32945464363,62269116,5136757317,7976826154,5250764226,5058650,NA,NA,576837,357750,62.017748083994,66508,"https://acfrs-docs.s3.us-east-2.amazonaws.com/acfrs/General%20Purpose/WY/State%20of%20Wyoming/WY%20State%20of%20Wyoming%202023.pdf"
"191","TX","Texas",38611,"48000",2023,"texas","General Purpose",216927409000,45831224000,54500992000,NA,52942461000,NA,458455103000,127475008000,2394351000,198978121000,237989836000,-39745301000,61979977000,1940719000,2644185000,29145428,24400697,83.7202752191118,66959,"https://acfrs-docs.s3.us-east-2.amazonaws.com/acfrs/General%20Purpose/TX/State%20of%20Texas/TX%20State%20of%20Texas%202023.pdf"
"192","MO","Missouri",148599,"29000",2023,"missouri","General Purpose",21161630000,6162734000,7769283000,0,2628366000,0,62504282000,26657946000,216664000,38037694000,42035432000,1293359000,2174237000,NA,NA,6154920,4275663,69.4674806938782,61815,"https://acfrs-docs.s3.us-east-2.amazonaws.com/acfrs/General%20Purpose/MO/State%20of%20Missouri/MO%20State%20of%20Missouri%202023.pdf"
"193","MI","Michigan",80814,"26000",2023,"michigan","General Purpose",39207960000,14257150000,7410800000,0,5264600000,0,73576618000,43150574000,473400000,84220652000,86023205000,-2297531000,8184400000,0,0,10077325,7404258,73.4743951548282,63444,"https://acfrs-docs.s3.us-east-2.amazonaws.com/acfrs/General%20Purpose/MI/State%20of%20Michigan/MI%20State%20of%20Michigan%202023.pdf"
"194","GA","Georgia",1265711,"13000",2023,"georgia","General Purpose",48233574000,17061552000,12068072000,59359000,4374431000,328858000,96910573000,52761418000,721750000,74724285000,84003599000,7593473000,11663637000,2462211000,NA,10711937,7933986,74.0669729426354,66507,"https://acfrs-docs.s3.us-east-2.amazonaws.com/acfrs/General%20Purpose/GA/State%20of%20Georgia/GA%20State%20of%20Georgia%202023.pdf"
"195","CA","California",31665,"06000",2023,"california","General Purpose",496813568000,198218449000,89832001000,NA,81813787000,NA,449958912000,256089449000,5801556000,441883097000,449779072000,-249351242000,110071884000,31041000,1728914000,39538245,37259490,94.2366327389068,84831,"https://acfrs-docs.s3.us-east-2.amazonaws.com/acfrs/General%20Purpose/CA/State%20of%20California/CA%20State%20of%20California%202023.pdf"
"196","MN","Minnesota",34704,"27000",2023,"minnesota","General Purpose",23363306000,9570608000,3819713000,NA,731542000,NA,65944934000,41730474000,585414,53633488000,61778539000,14050527000,8039193000,84568000,NA,5706504,4101754,71.878705208487,77712,"https://acfrs-docs.s3.us-east-2.amazonaws.com/acfrs/General%20Purpose/MN/State%20of%20Minnesota/MN%20State%20of%20Minnesota%202023.pdf"
"197","RI","Rhode Island",38202,"44000",2023,"rhode island","General Purpose",8880698000,2420779000,3161747000,1038000,259260000,15182000,11682718000,5850192000,103917000,11629454000,13113043000,-4110684000,3009935000,NA,NA,1097371,999191,91.0524987265111,73324,"https://acfrs-docs.s3.us-east-2.amazonaws.com/acfrs/General%20Purpose/RI/State%20of%20Rhode%20Island/RI%20State%20of%20Rhode%20Island%202023.pdf"
"198","OK","Oklahoma",37320,"40000",2023,"oklahoma","General Purpose",11365887000,6703211000,916584000,5350000,141945000,69247000,42748367000,20962034000,196707000,29241320000,33135810000,10615302000,3339127000,NA,150647000,3959346,2558611,64.6219470706451,55829,"https://acfrs-docs.s3.us-east-2.amazonaws.com/acfrs/General%20Purpose/OK/State%20of%20Oklahoma/OK%20State%20of%20Oklahoma%202023.pdf"
