state.abb,state.name,id_22,geo_id,year_22,name,category_22,total_liabilities_22,current_liabilities_22,total_assets_22,current_assets_22,compensated_absences_22,expenses_22,revenues_22,unrestricted_22,population_22,urban_pop_22,pct_urban_pop_22,median_hh_income_21_22,url_22,modified_revenues_22,net_pension_liability_22,net_opeb_liability_22,assets_liab_ratio_22,state.abb_20,id_20,year_20,category_20,total_liabilities_20,current_liabilities_20,total_assets_20,current_assets_20,compensated_absences_20,expenses_20,revenues_20,unrestricted_20,population_20,urban_pop_20,pct_urban_pop_20,median_hh_income_21_20,url_20,modified_revenues_20,net_pension_liability_20,net_opeb_liability_20,assets_liab_ratio_20,total_liabilities_growth,current_liabilities_growth,expenses_growth,net_opeb_liability_growth,net_pension_liability_growth,revenues_growth,total_assets_growth,assets_liab_ratio_growth,modified_revenues_growth,pct_urban_pop_22_normalized,median_hh_income_normalized
AL,Alabama,1265667,01073,2022,"Jefferson County, AL",General Purpose,3160364524,260293013,3943827673,1268762210,26210958,819402382,798799650,0,674355,593276,0.879290847624426,55210,https://acfrs-docs.s3.us-east-2.amazonaws.com/acfrs/General%20Purpose/AL/Jefferson%20County/AL%20Jefferson%20County%202022.pdf,-280895745,-265102822,117668334,0.801344477000428,AL,1265667,2020,General Purpose,2965742000,191938000,3706359000,0,22339000,803857000,789214000,0,674355,593276,0.879290847624426,55210,https://acfrs-docs.s3.us-east-2.amazonaws.com/acfrs/General%20Purpose/AL/Jefferson%20County/AL%20Jefferson%20County%202020.pdf,-206581000,-142088000,119964000,0.8001766693404497,6.562355188010286,0.3561306932446936,1.933849179642648,-0.01913629088726618,-86.57650329373347,0.012145818497897908,0.06407060756931533,0.0014594372776962263,-0.35973659242621536,30.293735787903316,-38.6998070195354
AZ,Arizona,31617,04013,2022,"Maricopa County, AZ",General Purpose,3610787387,1051665015,8144014585,3942456333,0,2534230280,3045885768,-109817297,4420574,4318689,0.976953414131397,76230,https://acfrs-docs.s3.us-east-2.amazonaws.com/acfrs/General%20Purpose/AZ/Maricopa%20County/AZ%20Maricopa%20County%202022.pdf,-540009527,1626366174,-49909693,0.44336700890129854,AZ,31617,2020,General Purpose,2834203888,553067960,6308842833,0,0,2226634981,2499817863,-719229338,4420574,4318689,0.976953414131397,76230,https://acfrs-docs.s3.us-east-2.amazonaws.com/acfrs/General%20Purpose/AZ/Maricopa%20County/AZ%20Maricopa%20County%202020.pdf,-279885078,1876917812,-13427999,0.44924306454029556,27.400410474632725,0.9015113712246141,13.814356714267392,-2.716837706049874,-13.349100125647908,0.21844307662665902,0.29088880490106195,-0.013079902847270225,-0.929397347149747,46.237550331723085,-17.0075644214198
AZ,Arizona,31619,04019,2022,"Pima County, AZ",General Purpose,2225697000,365839000,4435380000,1164614000,47073000,1226132000,1349779000,-292722000,1043434,951173,0.911580331463544,60604,https://acfrs-docs.s3.us-east-2.amazonaws.com/acfrs/General%20Purpose/AZ/Pima%20County/AZ%20Pima%20County%202022.pdf,-242192000,656632000,-19452000,0.501805256821287,AZ,31619,2020,General Purpose,1970239000,171786000,4066257000,0,40446000,1079855000,1188854000,0,1043434,951173,0.911580331463544,60604,https://acfrs-docs.s3.us-east-2.amazonaws.com/acfrs/General%20Purpose/AZ/Pima%20County/AZ%20Pima%20County%202020.pdf,-62787000,776192000,-530000,0.4845338108240576,12.965838154660425,1.1296205744356351,13.545985340624437,-35.70188679245283,-15.403405343007915,0.13536144892476284,0.09077709549593152,0.03564549183442,-2.857359007437845,35.56512645947467,-33.133300997925716
CA,California,31687,06037,2022,"Los Angeles County, CA",General Purpose,54844462000,8634894000,48205324000,7427935000,2307992000,30987889000,33326577000,-33200043000,10014042,9924789,0.991090481344684,77356,https://acfrs-docs.s3.us-east-2.amazonaws.com/acfrs/General%20Purpose/CA/Los%20Angeles%20County/CA%20Los%20Angeles%20County%202022.pdf,-6296206000,7030463000,26997560000,1.1377262395332102,CA,31687,2020,General Purpose,52768946000,5617736000,37390440000,0,2072486000,28398515000,29454082000,-33831196000,10014042,9924789,0.991090481344684,77356,https://acfrs-docs.s3.us-east-2.amazonaws.com/acfrs/General%20Purpose/CA/Los%20Angeles%20County/CA%20Los%20Angeles%20County%202020.pdf,-4562169000,11560668000,25921499000,1.4112951331944743,3.9332148116052954,0.5370772140235853,9.117990852690713,0.04151229834354873,-39.18636016534685,0.13147566439178107,0.2892419559652146,-0.19384244105061105,-0.3800904788928249,48.545484537262055,-15.845553709456048
CA,California,31710,06073,2022,"San Diego County, CA",General Purpose,5680147000,1535468000,10423386000,5470933000,138845000,5340993000,6027232000,-1099216000,3298635,3153671,0.956053627046832,90756,https://acfrs-docs.s3.us-east-2.amazonaws.com/acfrs/General%20Purpose/CA/San%20Diego%20County/CA%20San%20Diego%20County%202022.pdf,-849229000,2246673000,71147000,0.5449425935104005,CA,31710,2020,General Purpose,6570540000,945099000,8897009000,0,128010000,5176994000,5306058000,0,3298635,3153671,0.956053627046832,90756,https://acfrs-docs.s3.us-east-2.amazonaws.com/acfrs/General%20Purpose/CA/San%20Diego%20County/CA%20San%20Diego%20County%202020.pdf,-816035000,3790434000,106033000,0.7385111108688325,-13.551291065878909,0.6246636595742879,3.1678421879569494,-0.3290107796629351,-40.72781639252919,0.13591521238554122,0.17156068966548196,-0.262106438900703,-0.04067717683677784,42.82557437000354,-2.0170070484308766
CA,California,31700,06059,2022,"Orange County, CA",General Purpose,5472509000,994260000,11810759000,6205957000,NA,4260936000,5644596000,-1048893000,3186979,3179027,0.997501717138026,100210,https://acfrs-docs.s3.us-east-2.amazonaws.com/acfrs/General%20Purpose/CA/Orange%20County/CA%20Orange%20County%202022.pdf,389400000,2048680000,233049000,0.463349476523905,CA,31700,2020,General Purpose,7044193000,890891000,9724166000,0,184050000,4484712000,4801992000,0,3186979,3179027,0.997501717138026,100210,https://acfrs-docs.s3.us-east-2.amazonaws.com/acfrs/General%20Purpose/CA/Orange%20County/CA%20Orange%20County%202020.pdf,-573611000,4125372000,328412000,0.7244007352404309,-22.311768005220753,0.11602878466613761,-4.989751850286039,-0.290376112931318,-50.33950877642065,0.17546968008276564,0.2145780933809645,-0.3603685722791021,1.67885727435492,49.59214507611294,7.739342215250623
CA,California,149444,06065,2022,"Riverside County, CA",General Purpose,7049200000,1973941000,10349937000,4161296000,316278000,5323639000,5768086000,0,2418177,2285826,0.945265147207513,78690,https://acfrs-docs.s3.us-east-2.amazonaws.com/acfrs/General%20Purpose/CA/Riverside%20County/CA%20Riverside%20County%202022.pdf,-1529494000,1288258000,192288000,0.681086271346386,CA,149444,2020,General Purpose,8461146000,1486004000,9090883000,0,279952000,5945935000,5091044000,-2706020000,2418177,2285826,0.945265147207513,78690,https://acfrs-docs.s3.us-east-2.amazonaws.com/acfrs/General%20Purpose/CA/Riverside%20County/CA%20Riverside%20County%202020.pdf,-2340895000,3517404000,60207000,0.9307287311914585,-16.68740853780327,0.3283551053698375,-10.465906539509765,2.193781453983756,-63.37475024193979,0.13298686870512216,0.13849633748448859,-0.268222578157114,0.3466199893630428,41.064310787445876,-14.468890929918167
CA,California,31709,06071,2022,"San Bernardino County, CA",General Purpose,3614078000,937837000,8992798000,6021225000,283861000,4578231000,5598444000,0,2181662,2064249,0.94618532544574,74218,https://acfrs-docs.s3.us-east-2.amazonaws.com/acfrs/General%20Purpose/CA/San%20Bernardino%20County/CA%20San%20Bernardino%20County%202022.pdf,82376000,1065771000,0,0.40188582018633134,CA,31709,2020,General Purpose,4697075000,855666000,7610809000,4809570000,244389000,4628342000,5011731000,-297415000,2181662,2064249,0.94618532544574,74218,https://acfrs-docs.s3.us-east-2.amazonaws.com/acfrs/General%20Purpose/CA/San%20Bernardino%20County/CA%20San%20Bernardino%20County%202020.pdf,-472277000,2236518000,8506000,0.617158438741532,-23.056838564425732,0.09603162916371574,-1.0826987288320524,-1,-52.346862399497795,0.11706793521040934,0.1815824047088818,-0.3488125658528952,1.174423061042566,41.21453365893373,-19.083910382761786
CA,California,31546,06085,2022,"Santa Clara County, CA",General Purpose,10216977000,2188366000,10557284000,6440943000,420151000,7232097000,8175440000,0,1936274,1910722,0.98681116524184,141161,https://acfrs-docs.s3.us-east-2.amazonaws.com/acfrs/General%20Purpose/CA/Santa%20Clara%20County/CA%20Santa%20Clara%20County%202022.pdf,-1245023000,2989893000,867326000,0.9677656677607612,CA,31546,2020,General Purpose,10454942000,1698043000,8396243000,0,336638000,6863789000,7052128000,-3604250000,1936274,1910722,0.98681116524184,141161,https://acfrs-docs.s3.us-east-2.amazonaws.com/acfrs/General%20Purpose/CA/Santa%20Clara%20County/CA%20Santa%20Clara%20County%202020.pdf,-1509704000,4369993000,1193745000,1.245192879720132,-2.2761006230354983,0.28875770519356697,5.365957490826132,-0.2734411453032264,-31.58128628581327,0.15928695565366935,0.25738190283439866,-0.22279858524546406,0.1753197977881757,47.84686863192174,50
CA,California,149446,06001,2022,"Alameda County, CA",General Purpose,3481817000,1190054000,7227137000,4245432000,103652000,3392909000,3848856000,1206000000,1682331,1674100,0.995094370800896,108971,https://acfrs-docs.s3.us-east-2.amazonaws.com/acfrs/General%20Purpose/CA/Alameda%20County/CA%20Alameda%20County%202022.pdf,-734107000,542754000,-255953000,0.4817698903452363,CA,149446,2020,General Purpose,4327169000,921772000,6519073000,0,84391000,3251961000,3470053000,485135000,1682331,1674100,0.995094370800896,108971,https://acfrs-docs.s3.us-east-2.amazonaws.com/acfrs/General%20Purpose/CA/Alameda%20County/CA%20Alameda%20County%202020.pdf,-703680000,1785396000,173413000,0.6637706005132938,-19.53591366549354,0.29105028141449296,4.334246320912213,-2.4759735429293075,-69.60035756773287,0.10916346234481145,0.10861421554874442,-0.2741921833044675,-0.04323982492041837,49.19913591288142,16.780528580716407
CA,California,1267172,06067,2022,"Sacramento County, CA",General Purpose,4539311000,757014000,7513908000,2732053000,151290000,3268277000,4094287000,0,1585046,1547026,0.976007772600951,79611,https://acfrs-docs.s3.us-east-2.amazonaws.com/acfrs/General%20Purpose/CA/Sacramento%20County/CA%20Sacramento%20County%202022.pdf,68996000,403532000,147206000,0.6041211843424221,CA,1267172,2020,General Purpose,5697591000,359159000,6112564000,0,140277000,3453455000,3562287000,0,1585046,1547026,0.976007772600951,79611,https://acfrs-docs.s3.us-east-2.amazonaws.com/acfrs/General%20Purpose/CA/Sacramento%20County/CA%20Sacramento%20County%202020.pdf,-250327000,1843333000,135237000,0.9321114674627538,-20.329293555820346,1.1077405828616296,-5.362108381316681,0.08850388577090589,-78.1085674699037,0.14934226242860274,0.22925633171284587,-0.35187881982949404,1.2756234844822971,46.08317047334316,-13.518436342246211
CA,California,165557,06013,2022,"Contra Costa County, CA",General Purpose,2304983000,852991000,5147287000,3059742000,30648000,3552720000,4265257000,0,1165927,1154266,0.989998516202129,110595,https://acfrs-docs.s3.us-east-2.amazonaws.com/acfrs/General%20Purpose/CA/Contra%20Costa%20County/CA%20Contra%20Costa%20County%202022.pdf,-140454000,-179943000,407767000,0.44780541671758345,CA,165557,2020,General Purpose,2611861000,556090000,3764587000,0,92573000,3423666000,3738705000,0,1165927,1154266,0.989998516202129,110595,https://acfrs-docs.s3.us-east-2.amazonaws.com/acfrs/General%20Purpose/CA/Contra%20Costa%20County/CA%20Contra%20Costa%20County%202020.pdf,-241051000,677976000,523697000,0.6937974869487675,-11.74940014035969,0.533908180330522,3.7694681665793333,-0.2213684630616559,-126.54120499840703,0.1408380709363269,0.3672912858701366,-0.3545588948628593,0.41732662382649316,48.36721674906124,18.456465877545128
CA,California,31677,06019,2022,"Fresno County, CA",General Purpose,1863307000,367406000,2867306000,1485913000,NA,1814287000,2054334000,-71676000,1008650,895029,0.88734987418877,63140,https://acfrs-docs.s3.us-east-2.amazonaws.com/acfrs/General%20Purpose/CA/Fresno%20County/CA%20Fresno%20County%202022.pdf,-127359000,436078000,0,0.6498458832088378,CA,31677,2020,General Purpose,2161228000,257422000,2338527000,0,53630000,1687732000,1757231000,-441765000,1008650,895029,0.88734987418877,63140,https://acfrs-docs.s3.us-east-2.amazonaws.com/acfrs/General%20Purpose/CA/Fresno%20County/CA%20Fresno%20County%202020.pdf,-187923000,1054510000,0,0.9241834710482282,-13.784801973692733,0.42725175004467375,7.498524647278122,0,-58.64638552503059,0.16907452691194272,0.22611626891628792,-0.2968432096369684,0.32228093421241677,31.609404928509463,-30.516196943272
CA,California,146252,06029,2022,"Kern County, CA",General Purpose,2458533000,272558000,4226736000,1702468000,85316000,1760606000,2155740000,-1303442000,909244,787826,0.866471264304608,57926,https://acfrs-docs.s3.us-east-2.amazonaws.com/acfrs/General%20Purpose/CA/Kern%20County/CA%20Kern%20County%202022.pdf,122576000,1401786000,66568000,0.5816623039622063,CA,146252,2020,General Purpose,2747291000,227726000,3641175000,0,95105000,1845376000,1848241000,0,909244,787826,0.866471264304608,57926,https://acfrs-docs.s3.us-east-2.amazonaws.com/acfrs/General%20Purpose/CA/Kern%20County/CA%20Kern%20County%202020.pdf,-224861000,1804165000,42679000,0.7545067182983515,-10.510644849781112,0.1968681661294714,-4.593643788582923,0.5597366386278966,-22.302782727743857,0.16637386574586324,0.1608164946754825,-0.2290826710277191,1.5451189846171636,28.20088623161365,-35.89694636794254
CA,California,149441,06111,2022,"Ventura County, CA",General Purpose,1596782000,562232000,4915897000,2212099000,111223000,1989882000,2521533000,285144000,843843,815432,0.966331414729991,95819,https://acfrs-docs.s3.us-east-2.amazonaws.com/acfrs/General%20Purpose/CA/Ventura%20County/CA%20Ventura%20County%202022.pdf,-30581000,-474411000,157784000,0.3248200684432566,CA,149441,2020,General Purpose,2147171000,476098000,3839991000,0,95996000,2098094000,2164226000,0,843843,815432,0.966331414729991,95819,https://acfrs-docs.s3.us-east-2.amazonaws.com/acfrs/General%20Purpose/CA/Ventura%20County/CA%20Ventura%20County%202020.pdf,-409966000,677172000,129986000,0.5591604251155797,-25.63321691658466,0.18091653399090105,-5.15763354740064,0.21385379963996123,-170.05768106182774,0.1650968983830709,0.28018451084911394,-0.4190932443473345,0.9254060092788182,44.503465363471776,3.2079132310296004
CA,California,31712,06077,2022,"San Joaquin County, CA",General Purpose,1882102114,367241962,3150708217,2098585705,45837000,1742721012,2072021532,0,779227,718832,0.922486599001839,79598,https://acfrs-docs.s3.us-east-2.amazonaws.com/acfrs/General%20Purpose/CA/San%20Joaquin%20County/CA%20San%20Joaquin%20County%202022.pdf,-37941442,1137961048,81333690,0.5973584300332563,CA,31712,2020,General Purpose,2227446646,257288477,2527746626,0,42274000,1684207695,1759228543,0,779227,718832,0.922486599001839,79598,https://acfrs-docs.s3.us-east-2.amazonaws.com/acfrs/General%20Purpose/CA/San%20Joaquin%20County/CA%20San%20Joaquin%20County%202020.pdf,-182267629,1584683469,129969434,0.8811985438290523,-15.504054053108844,0.4273548752826579,3.4742340373881264,-0.3742090928856396,-28.19000953432676,0.17780122443136145,0.24644938088031296,-0.32210688020707784,0.7918366403943291,37.34561936699461,-13.531852096469592
CA,California,31714,06081,2022,"San Mateo County, CA",General Purpose,1672083000,657660000,5130034000,3507688000,88583000,1985390000,2486652000,0,764432,751407,0.982948346637155,131151,https://acfrs-docs.s3.us-east-2.amazonaws.com/acfrs/General%20Purpose/CA/San%20Mateo%20County/CA%20San%20Mateo%20County%202022.pdf,-156398000,99609000,-14243000,0.3259399450374013,CA,31714,2020,General Purpose,1979736000,577795000,4151581000,0,88988000,1925470000,2201904000,1484083000,764432,751407,0.982948346637155,131151,https://acfrs-docs.s3.us-east-2.amazonaws.com/acfrs/General%20Purpose/CA/San%20Mateo%20County/CA%20San%20Mateo%20County%202020.pdf,-301361000,582014000,93292000,0.47686315165234644,-15.540102316672527,0.13822376448394327,3.1119674676832147,-1.1526711829524503,-82.88546323627955,0.12931898938373335,0.23568202089758095,-0.3164916519382789,0.4810277374975528,47.21624765141415,39.66986924799538
CA,California,54175,06075,2022,"City And County Of San Francisco, CA",General Purpose,33104748000,5633817000,51616481000,14744282000,408920000,11211694000,13374941000,-1909623000,873959,873965,1,119776,https://acfrs-docs.s3.us-east-2.amazonaws.com/acfrs/General%20Purpose/CA/City%20and%20County%20of%20San%20Francisco/CA%20City%20and%20County%20of%20San%20Francisco%202022.pdf,-3470570000,-2104167000,3679684000,0.6413600338233054,CA,54175,2020,General Purpose,34557584000,5610057000,43647220000,0,332989000,12023583000,12519966000,0,873959,873965,1,119776,https://acfrs-docs.s3.us-east-2.amazonaws.com/acfrs/General%20Purpose/CA/City%20and%20County%20of%20San%20Francisco/CA%20City%20and%20County%20of%20San%20Francisco%202020.pdf,-5113674000,4655538000,3903016000,0.7917476531151354,-4.204101768225464,0.004235251085684156,-6.75247137230225,-0.05722036496903933,-145.19707496749032,0.06828892346832252,0.18258347267019526,-0.18994387757277092,0.3213157506716306,50,27.93108430253558
CO,Colorado,31965,08041,2022,"El Paso County, CO",General Purpose,612505377,141220141,1084763453,429859547,16405138,424241371,426166873,-308505530,730402,655526,0.897495190958317,79094,https://acfrs-docs.s3.us-east-2.amazonaws.com/acfrs/General%20Purpose/CO/El%20Paso%20County/CO%20El%20Paso%20County%202022.pdf,-139294639,219998638,129120022,0.5646441860721501,CO,31965,2020,General Purpose,802181693,36876174,843973591,0,18442054,529071537,543782241,-351776745,730402,655526,0.897495190958317,79094,https://acfrs-docs.s3.us-east-2.amazonaws.com/acfrs/General%20Purpose/CO/El%20Paso%20County/CO%20El%20Paso%20County%202020.pdf,-22165470,485244387,138991599,0.9504819837425458,-23.64505668169119,2.829576815642534,-19.81398708280918,-0.07102283210656495,-54.6623013281759,-0.21629130032585966,0.28530497229740925,-0.40593909644783593,-5.2843079348193385,33.26566950200309,-14.051970567899197
CO,Colorado,1266289,08031,2022,"Denver County, CO",General Purpose,14054059000,1119786000,20109860000,4479018000,209646000,3703766000,4136851000,0,715538,715418,0.999854651569064,81262,https://acfrs-docs.s3.us-east-2.amazonaws.com/acfrs/General%20Purpose/CO/Denver%20County/CO%20Denver%20County%202022.pdf,-686701000,1297505000,244985000,0.6988640895560685,CO,1266289,2020,General Purpose,11288224000,713552000,15522618000,0,197846000,3671950000,3707605000,0,715538,715418,0.999854651569064,81262,https://acfrs-docs.s3.us-east-2.amazonaws.com/acfrs/General%20Purpose/CO/Denver%20County/CO%20Denver%20County%202020.pdf,-677897000,1682238000,249680000,0.7272113505595512,24.501949996739967,0.5693123976949123,0.8664605999537031,-0.01880406920858699,-22.870307293022744,0.1157744689631177,0.29551986655859214,-0.038980773583458216,-0.012987223722777944,49.97627127250526,-11.81463555587662
CO,Colorado,31951,08005,2022,"Arapahoe County, CO",General Purpose,481994275,136110648,1440116312,543191820,20023893,440960757,485418651,-41972333,655058,641552,0.979364037431114,84308,https://acfrs-docs.s3.us-east-2.amazonaws.com/acfrs/General%20Purpose/CO/Arapahoe%20County/CO%20Arapahoe%20County%202022.pdf,-91652754,181684482,0,0.3346912127747637,CO,31951,2020,General Purpose,435652646,52349020,1285747483,0,18289696,500917109,509757461,0,655058,641552,0.979364037431114,84308,https://acfrs-docs.s3.us-east-2.amazonaws.com/acfrs/General%20Purpose/CO/Arapahoe%20County/CO%20Arapahoe%20County%202020.pdf,-43508668,208374554,0,0.3388321982038832,10.637288542946207,1.6000610517637197,-11.969316065025842,0,-12.808700240817311,-0.04774586320375603,0.12006154477535151,-0.012221345701708597,-1.1065401036869251,46.63109447253731,-8.671221143228657
FL,Florida,69702,12086,2022,"Miami-Dade County, FL",General Purpose,29220400000,1956925000,33909302000,7907410000,1042356000,10728098000,12023119000,0,2701762,2678436,0.991364540317503,58905,https://acfrs-docs.s3.us-east-2.amazonaws.com/acfrs/General%20Purpose/FL/Miami-Dade%20County/FL%20Miami-Dade%20County%202022.pdf,-661904000,3979267000,734469000,0.8617222495467468,FL,69702,2020,General Purpose,27654208000,1937708000,29642725000,0,823163000,10059397000,9453906000,0,2701762,2678436,0.991364540317503,58905,https://acfrs-docs.s3.us-east-2.amazonaws.com/acfrs/General%20Purpose/FL/Miami-Dade%20County/FL%20Miami-Dade%20County%202020.pdf,-2543199000,4414212000,692290000,0.9329171997513724,5.663485282239868,0.009917386933428566,6.64752569164931,0.06092677923991391,-9.853287517681524,0.27176206321492935,0.1439333597029288,-0.0763143290997309,0.7397356636267944,48.59022578862353,-34.88663687681242
FL,Florida,68695,12011,2022,"Broward County, FL",General Purpose,8022241000,461209000,15540855000,2193800000,148085000,3226445000,4037270000,671721000,1944376,1944223,0.999921825779492,65536,https://acfrs-docs.s3.us-east-2.amazonaws.com/acfrs/General%20Purpose/FL/Broward%20County/FL%20Broward%20County%202022.pdf,349616000,1505308000,312736000,0.5162033234336206,FL,68695,2020,General Purpose,7728588000,587100000,12958706000,0,140153000,3040683000,3660292000,34039000,1944376,1944223,0.999921825779492,65536,https://acfrs-docs.s3.us-east-2.amazonaws.com/acfrs/General%20Purpose/FL/Broward%20County/FL%20Broward%20County%202020.pdf,32509000,1835950000,315136000,0.5964012147509172,3.799568562847444,-0.21442854709589507,6.109219540478241,-0.007615759545085297,-18.009313979138867,0.10299123676471714,0.1992597872040619,-0.13446969813901316,9.75443723276631,49.987237737871666,-28.04357024179317
FL,Florida,1266402,12099,2022,"Palm Beach County, FL",General Purpose,3594364662,307663661,7912548662,2438920978,235370539,2659504191,3322547956,-512703748,1492198,1479525,0.991511810485387,70024,https://acfrs-docs.s3.us-east-2.amazonaws.com/acfrs/General%20Purpose/FL/Palm%20Beach%20County/FL%20Palm%20Beach%20County%202022.pdf,355380104,1539693692,395323262,0.4542613025891303,FL,1266402,2020,General Purpose,4197746860,398776095,6938548797,0,210094621,2768867581,2731751287,-996472373,1492198,1479525,0.991511810485387,70024,https://acfrs-docs.s3.us-east-2.amazonaws.com/acfrs/General%20Purpose/FL/Palm%20Beach%20County/FL%20Palm%20Beach%20County%202020.pdf,-435892389,1867489307,447740399,0.604989167448814,-14.373953888205637,-0.22848018008702353,-3.9497515428492425,-0.11707037630973299,-17.552743877638708,0.2162702995003659,0.14037515530929542,-0.2491414275982657,1.815293207608633,48.61426824755698,-23.41203909144384
FL,Florida,32237,12057,2022,"Hillsborough County, FL",General Purpose,3375581000,595303000,13777939000,3807687000,63989000,2615067000,2992868000,2183703000,1459773,1406155,0.963276890342398,65818,https://acfrs-docs.s3.us-east-2.amazonaws.com/acfrs/General%20Purpose/FL/Hillsborough%20County/FL%20Hillsborough%20County%202022.pdf,-217502000,1040344000,142427000,0.2449989798909692,FL,32237,2020,General Purpose,3229923000,478744000,12562151000,0,60996000,2324477000,2543904000,1525682000,1459773,1406155,0.963276890342398,65818,https://acfrs-docs.s3.us-east-2.amazonaws.com/acfrs/General%20Purpose/FL/Hillsborough%20County/FL%20Hillsborough%20County%202020.pdf,-259317000,1266841000,116670000,0.2571154414558462,4.509643109139135,0.24346832545159836,12.5013067455604,0.22076797805776976,-17.878881406585357,0.1764862196057713,0.09678183298385762,-0.04712459701475274,0.16125051577798602,44.00480172911112,-27.752551573255175
FL,Florida,32251,12095,2022,"Orange County, FL",General Purpose,3343687424,662386311,10736273561,3253209608,95319372,3022179615,3460872047,522877675,1429901,1396338,0.97652296511384,64579,https://acfrs-docs.s3.us-east-2.amazonaws.com/acfrs/General%20Purpose/FL/Orange%20County/FL%20Orange%20County%202022.pdf,-223693879,1058941820,81132926,0.31143835940862163,FL,32251,2020,General Purpose,3034626323,272763331,9564794868,0,96177525,2545112534,2730260273,0,1429901,1396338,0.97652296511384,64579,https://acfrs-docs.s3.us-east-2.amazonaws.com/acfrs/General%20Purpose/FL/Orange%20County/FL%20Orange%20County%202020.pdf,-87615592,1287393180,42576776,0.31727040306453963,10.184486263022507,1.4284287355326366,18.744439572981175,0.9055676268207814,-17.745267222869707,0.26759784817042603,0.12247818266540163,-0.018381934146979452,-1.5531286600220655,46.16727776412668,-29.031176148852953
FL,Florida,32255,12103,2022,"Pinellas County, FL",General Purpose,1726476142,344121316,5949787958,906364983,70182803,1393012585,1393012585,-157476643,959103,957280,0.998095103048982,61851,https://acfrs-docs.s3.us-east-2.amazonaws.com/acfrs/General%20Purpose/FL/Pinellas%20County/FL%20Pinellas%20County%202022.pdf,-344121316,574430889,515479700,0.29017439851425375,FL,32255,2020,General Purpose,1957358812,271625819,5202781324,0,70969447,1441761042,1558505792,-465296595,959103,957280,0.998095103048982,61851,https://acfrs-docs.s3.us-east-2.amazonaws.com/acfrs/General%20Purpose/FL/Pinellas%20County/FL%20Pinellas%20County%202020.pdf,-154881069,710305897,697335520,0.37621393060878144,-11.795623193076569,0.2668947203432086,-3.3811745205971513,-0.2607866870168897,-19.12908347993062,-0.10618709782760949,0.14357832618375102,-0.22869842154781547,-1.2218423350370857,49.68901775983994,-31.84642057357509
FL,Florida,32242,12071,2022,"Lee County, FL",General Purpose,2617928000,347604000,6222601000,2340186000,39356000,1365573000,1531305000,-400030000,760820,730937,0.960720115874672,66426,https://acfrs-docs.s3.us-east-2.amazonaws.com/acfrs/General%20Purpose/FL/Lee%20County/FL%20Lee%20County%202022.pdf,-181872000,491165000,590557000,0.4207128176786524,FL,32242,2020,General Purpose,2530890000,204592000,5275482000,0,33546000,1281787000,1299023000,0,760820,730937,0.960720115874672,66426,https://acfrs-docs.s3.us-east-2.amazonaws.com/acfrs/General%20Purpose/FL/Lee%20County/FL%20Lee%20County%202020.pdf,-187356000,585079000,807852000,0.4797457369772089,3.439027377720881,0.6990107140064128,6.536655466157794,-0.26897872382565124,-16.051507574190836,0.1788128462698505,0.17953222094208643,-0.12305043015183892,0.029270479728431435,43.58739781068256,-27.125107068038513
FL,Florida,1268842,12105,2022,"Polk County, FL",General Purpose,1348579114,315279229,5341285123,1305168899,19215262,874988415,995110961,-34873544,725041,646127,0.891153113043862,56344,https://acfrs-docs.s3.us-east-2.amazonaws.com/acfrs/General%20Purpose/FL/Polk%20County/FL%20Polk%20County%202022.pdf,-195156683,418623364,208784936,0.25248214295711546,FL,1268842,2020,General Purpose,1366570778,167107092,4918498326,0,19968755,952903062,972172473,0,725041,646127,0.891153113043862,56344,https://acfrs-docs.s3.us-east-2.amazonaws.com/acfrs/General%20Purpose/FL/Polk%20County/FL%20Polk%20County%202020.pdf,-147837681,519641860,198094593,0.2778430910052525,-1.3165555922636596,0.8866896983642083,-8.176555423850658,0.05396584953734704,-19.44002278800249,0.023595080746541566,0.08595851192325892,-0.09127795100601442,-0.3200740276763405,32.23029927053055,-37.52954045881879
FL,Florida,32225,12009,2022,"Brevard County, FL",General Purpose,889310802,167940712,2392215635,1031527017,34106096,693127754,832550238,0,606603,583073,0.961195953921123,65280,https://acfrs-docs.s3.us-east-2.amazonaws.com/acfrs/General%20Purpose/FL/Brevard%20County/FL%20Brevard%20County%202022.pdf,-28518228,341923924,28940840,0.3717519394943675,FL,32225,2020,General Purpose,920994570,114651332,1987646759,0,33194145,686028641,764680908,0,606603,583073,0.961195953921123,65280,https://acfrs-docs.s3.us-east-2.amazonaws.com/acfrs/General%20Purpose/FL/Brevard%20County/FL%20Brevard%20County%202020.pdf,-35999065,414905456,27264556,0.4633592794241565,-3.4401688166304822,0.4647951233571364,1.0348129182554056,0.06148216754382503,-17.58991860545695,0.08875509940154018,0.2035416374504802,-0.19770261220112986,0.20780642497242638,43.66508032340835,-28.3077574018844
FL,Florida,32292,12031,2022,"Jacksonville, FL",General Purpose,6540349000,549157000,5865208000,2386737000,118112000,2198134000,2370769000,0,995560,969177,0.973492492218002,60121,https://acfrs-docs.s3.us-east-2.amazonaws.com/acfrs/General%20Purpose/FL/Jacksonville/FL%20Jacksonville%202022.pdf,-376522000,2905810000,338399000,1.115109472673433,FL,32292,2020,General Purpose,6319925000,214031000,5124564000,0,145220000,2164006000,2123471000,0,995560,969177,0.973492492218002,60121,https://acfrs-docs.s3.us-east-2.amazonaws.com/acfrs/General%20Purpose/FL/Jacksonville/FL%20Jacksonville%202020.pdf,-254566000,2985785000,261160000,1.2332610149858603,3.48776290857882,1.5657825268302255,1.5770751097732632,0.2957535610353806,-2.678525077994564,0.11645932532160788,0.14452819791108082,-0.09580416544163763,-0.4790741890118869,45.67254063444186,-33.63174786637909
GA,Georgia,169817,13121,2022,"Fulton County, GA",General Purpose,3269838000,234532000,3517092000,960096000,NA,1300657000,1168883000,-1447626000,1066702,1059965,0.993676819379213,82820,https://acfrs-docs.s3.us-east-2.amazonaws.com/acfrs/General%20Purpose/GA/Fulton%20County/GA%20Fulton%20County%202022.pdf,-366306000,579392000,1282596000,0.9296993084059217,GA,169817,2020,General Purpose,3257955000,98554000,3145113000,0,47787000,1107016000,1134497000,-1148514000,1066702,1059965,0.993676819379213,82820,https://acfrs-docs.s3.us-east-2.amazonaws.com/acfrs/General%20Purpose/GA/Fulton%20County/GA%20Fulton%20County%202020.pdf,-71073000,333578000,1675472000,1.0358785201040472,0.3647380028269267,1.3797309089433205,17.4921591015848,-0.2344867595519352,73.69011145818969,0.03030946754376609,0.1182720620848917,-0.10250160577464285,-4.15394031488751,48.96771482922571,-10.206809011258919
GA,Georgia,198256,13135,2022,"Gwinnett County, GA",General Purpose,1752172000,336653000,9968762000,1383422000,43128000,1533144000,1885690000,0,957027,952537,0.995271988648593,75021,https://acfrs-docs.s3.us-east-2.amazonaws.com/acfrs/General%20Purpose/GA/Gwinnett%20County/GA%20Gwinnett%20County%202022.pdf,15893000,442861000,29686000,0.17576625863873568,GA,198256,2020,General Purpose,1455596000,201771000,9184759000,0,37518000,1325535000,1697363000,0,957027,952537,0.995271988648593,75021,https://acfrs-docs.s3.us-east-2.amazonaws.com/acfrs/General%20Purpose/GA/Gwinnett%20County/GA%20Gwinnett%20County%202020.pdf,170057000,213317000,39204000,0.15847949848221385,20.374884239857764,0.6684905164765997,15.662279758738926,-0.2427813488419549,107.60698866006928,0.11095269544581801,0.0853591259171852,0.10907884188226358,-0.9065431002546205,49.228132755014926,-18.255229564194387
GA,Georgia,1266590,13067,2022,"Cobb County, GA",General Purpose,1931904436,284774704,7046301112,1091941211,36930954,1195894874,1327837805,0,766160,766109,0.99994779083442,87532,https://acfrs-docs.s3.us-east-2.amazonaws.com/acfrs/General%20Purpose/GA/Cobb%20County/GA%20Cobb%20County%202022.pdf,-152831773,785875583,213167041,0.2741728469011814,GA,1266590,2020,General Purpose,1816539766,201495859,6742244894,0,36493230,1083522938,1224138472,0,766160,766109,0.99994779083442,87532,https://acfrs-docs.s3.us-east-2.amazonaws.com/acfrs/General%20Purpose/GA/Cobb%20County/GA%20Cobb%20County%202020.pdf,-60880325,667140390,178505026,0.2694265477684679,6.350792432913907,0.413303009864833,10.37097896676,0.1941794904979314,17.7976322195093,0.08471209374751193,0.04509717798452902,0.017616300888033495,-1.510363947630043,49.99147663958394,-5.344114095829767
GA,Georgia,32445,13089,2022,"Dekalb County, GA",General Purpose,3321579000,352782000,4889631000,1263490000,40669000,1208686000,1383107000,-1335015,764386,763175,0.998420946594765,70756,https://acfrs-docs.s3.us-east-2.amazonaws.com/acfrs/General%20Purpose/GA/Dekalb%20County/GA%20Dekalb%20County%202022.pdf,-178361000,1170291000,421340000,0.679310770076515,GA,32445,2020,General Purpose,2814715000,235264000,4353200000,0,43539000,1189813000,1228257000,-1462506,764386,763175,0.998420946594765,70756,https://acfrs-docs.s3.us-east-2.amazonaws.com/acfrs/General%20Purpose/GA/Dekalb%20County/GA%20Dekalb%20County%202020.pdf,-196820000,845083000,611429000,0.6465852706055316,18.007649087030124,0.49951543797606096,1.5862156490137527,-0.3108930063834067,38.482373920668145,0.12607296355730113,0.12322682164844252,0.050612813125692914,0.093786200589371,49.74221305513143,-22.656628930557993
HI,Hawaii,111562,15003,2022,"City And County Of Honolulu, HI",General Purpose,12355669000,831189000,13017930000,1890175000,135900000,2918433000,3219681000,-3129401000,1016506,999341,0.983111790561412,90176,https://acfrs-docs.s3.us-east-2.amazonaws.com/acfrs/General%20Purpose/HI/City%20and%20County%20of%20Honolulu/HI%20City%20and%20County%20of%20Honolulu%202022.pdf,-529941000,2270106000,1472298000,0.9491270117445707,HI,111562,2020,General Purpose,11985749000,346028000,11756021000,0,139829000,2792719000,3219749000,-2765534000,1016506,999341,0.983111790561412,90176,https://acfrs-docs.s3.us-east-2.amazonaws.com/acfrs/General%20Purpose/HI/City%20and%20County%20of%20Honolulu/HI%20City%20and%20County%20of%20Honolulu%202020.pdf,81002000,2665559000,1871583000,1.0195413056849763,3.0863319430433593,1.402085958361751,4.501491199078747,-0.21334079225981428,-14.83564985805979,-2.1119658706315305e-5,0.10734150610993294,-0.0690646799180911,-7.542319942717464,47.242930542411926,-2.6155560830125637
IL,Illinois,1035781,17031,2022,"Cook County, IL",General Purpose,19531125441,2561432196,7405552453,5233687434,115773815,6881055379,7984980380,-14600046550,5275522,5272651,0.999452188884514,72063,https://acfrs-docs.s3.us-east-2.amazonaws.com/acfrs/General%20Purpose/IL/Cook%20County/IL%20Cook%20County%202022.pdf,-1457507195,10837262892,1978062391,2.6373623797759898,IL,1035781,2020,General Purpose,21176754633,1385238463,4885774017,0,122331764,5655529321,6061200953,-15644347985,5275522,5272651,0.999452188884514,72063,https://acfrs-docs.s3.us-east-2.amazonaws.com/acfrs/General%20Purpose/IL/Cook%20County/IL%20Cook%20County%202020.pdf,-979566831,13580982590,1900989370,4.334370472174051,-7.770922506867958,0.8490911596929864,21.669520012024353,0.04054363596993706,-20.202659710500374,0.31739245108641756,0.5157378190707259,-0.3915235449513546,-0.4879099096404582,49.910567588557825,-21.307829640560982
IL,Illinois,32767,17043,2022,"Dupage County, IL",General Purpose,371780219,183587599,1739782492,755995644,31534858,436498702,578968613,107669841,932877,931125,0.998121938905129,99536,https://acfrs-docs.s3.us-east-2.amazonaws.com/acfrs/General%20Purpose/IL/Dupage%20County/IL%20Dupage%20County%202022.pdf,-41117688,-64653716,14480279,0.21369350519938443,IL,32767,2020,General Purpose,476399747,113741366,1411753104,0,33095659,500477128,558287578,8934799,932877,931125,0.998121938905129,99536,https://acfrs-docs.s3.us-east-2.amazonaws.com/acfrs/General%20Purpose/IL/Dupage%20County/IL%20Dupage%20County%202020.pdf,-55930916,165805602,13632860,0.337452593977084,-21.96044994960923,0.6140794282354584,-12.783486481324276,0.062160030983960814,-138.9936861120048,0.03704369542680385,0.23235605933542894,-0.36674511023644374,0.2648486572256389,49.69339882342281,7.043786957822931
IL,Illinois,1036299,17097,2022,"Lake County, IL",General Purpose,465347553,197899756,2287309423,1017088732,20982869,427662869,556486962,0,714351,704232,0.985847115247318,95895,https://acfrs-docs.s3.us-east-2.amazonaws.com/acfrs/General%20Purpose/IL/Lake%20County/IL%20Lake%20County%202022.pdf,-69075663,-158816041,19634133,0.20344757395772772,IL,1036299,2020,General Purpose,412208585,89750647,1869159268,0,21525954,500239632,561961256,103243346,714351,704232,0.985847115247318,95895,https://acfrs-docs.s3.us-east-2.amazonaws.com/acfrs/General%20Purpose/IL/Lake%20County/IL%20Lake%20County%202020.pdf,-28029023,47434620,18804476,0.22053154702063624,12.891281242965864,1.204995313292839,-14.508399246543505,0.044120187129915237,-434.81040008331473,-0.009741408222633767,0.22371028630825054,-0.07746725261628841,-1.4644334909568557,47.68948351627941,3.2863437941816898
IL,Illinois,32790,17197,2022,"Will County, IL",General Purpose,656302779,181140231,1707575145,389988518,28296737,303254753,450040361,0,696362,662409,0.951251875839191,93994,https://acfrs-docs.s3.us-east-2.amazonaws.com/acfrs/General%20Purpose/IL/Will%20County/IL%20Will%20County%202022.pdf,-34354623,-48169434,50988576,0.38434781679842267,IL,32790,2020,General Purpose,635030409,64412446,1346030025,0,33266590,399942073,477328660,32651531,696362,662409,0.951251875839191,93994,https://acfrs-docs.s3.us-east-2.amazonaws.com/acfrs/General%20Purpose/IL/Will%20County/IL%20Will%20County%202020.pdf,12974141,130130559,43959176,0.47178027028037506,3.349819110788441,1.8121930193428766,-24.175331010998686,0.15990745595413344,-137.01623536405464,-0.05716878387314937,0.26860108116830456,-0.1853245228546586,-3.6479304487287445,42.041668791045325,1.3245477342855096
IN,Indiana,170616,18097,2022,"Marion County, IN",General Purpose,933540322,47022055,910828464,180566125,9086003,398523740,453427397,0,977213,968609,0.991205512058395,58737,https://acfrs-docs.s3.us-east-2.amazonaws.com/acfrs/General%20Purpose/IN/Marion%20County/IN%20Marion%20County%202022.pdf,7881602,156364982,10649537,1.0249353845402003,IN,170616,2020,General Purpose,873586220,23965076,865130230,0,9518978,346101589,348954336,102785585,977213,968609,0.991205512058395,58737,https://acfrs-docs.s3.us-east-2.amazonaws.com/acfrs/General%20Purpose/IN/Marion%20County/IN%20Marion%20County%202020.pdf,-21112329,114023647,15112759,1.0097742394228901,6.862986231628058,0.9621074850753655,15.14646354310728,-0.2953280734510489,37.13381926820846,0.2993889177522643,0.05282237565551258,0.015014390866195102,1.3733175056148472,48.56426377307213,-35.06000970062229
KS,Kansas,44652,20091,2022,"Johnson County, KS",General Purpose,1379346992,135508112,2628000140,1145475818,24882832,720344816,887629930,374889077,609864,585241,0.959626998194677,93220,https://acfrs-docs.s3.us-east-2.amazonaws.com/acfrs/General%20Purpose/KS/Johnson%20County/KS%20Johnson%20County%202022.pdf,31777002,294761994,20223892,0.5248656463161375,KS,44652,2020,General Purpose,1383005817,84745526,2410454411,0,23438999,744069181,828285621,252430788,609864,585241,0.959626998194677,93220,https://acfrs-docs.s3.us-east-2.amazonaws.com/acfrs/General%20Purpose/KS/Johnson%20County/KS%20Johnson%20County%202020.pdf,-529086,251000703,23868678,0.5737531523884938,-0.2645560094560325,0.5990001879273249,-3.1884622567105088,-0.15270162846890808,17.43472845970475,0.07164715587885354,0.09025092032740378,-0.08520651410600713,61.06018303262608,43.40894186601757,0.5257943674471832
KY,Kentucky,115965,21111,2022,"Jefferson County, KY",General Purpose,2400797800,94866508,3127894325,152099203,25742000,1070721978,1262234798,0,782956,770185,0.98367240593178,60636,https://acfrs-docs.s3.us-east-2.amazonaws.com/acfrs/General%20Purpose/KY/Jefferson%20County/KY%20Jefferson%20County%202022.pdf,96646312,1029232000,310565000,0.7675444086494194,KY,115965,2020,General Purpose,2335363514,84027033,2573461783,0,22025000,968529820,989561189,0,782956,770185,0.98367240593178,60636,https://acfrs-docs.s3.us-east-2.amazonaws.com/acfrs/General%20Purpose/KY/Jefferson%20County/KY%20Jefferson%20County%202020.pdf,-62995664,1158168356,295693343,0.9074793841615016,2.801888682756906,0.12899985413027734,10.551266041555643,0.050294189409600606,-11.132781804306179,0.27555002361758957,0.215442306414853,-0.15420182315367992,2.5341740345811736,47.334453300980044,-33.10027760291432
MD,Maryland,33967,24031,2022,"Montgomery County, MD",General Purpose,6546685167,693995164,9979508281,1699505967,130687248,4729248159,5593468063,0,1062054,1033604,0.9732058704726,112352,https://acfrs-docs.s3.us-east-2.amazonaws.com/acfrs/General%20Purpose/MD/Montgomery%20County/MD%20Montgomery%20County%202022.pdf,170224740,57114416,819410047,0.6560127996951757,MD,33967,2020,General Purpose,6415638072,808532471,7984812925,0,92651456,4841330406,5082707410,0,1062054,1033604,0.9732058704726,112352,https://acfrs-docs.s3.us-east-2.amazonaws.com/acfrs/General%20Purpose/MD/Montgomery%20County/MD%20Montgomery%20County%202020.pdf,-567155467,106518934,825636740,0.8034800730162379,2.042619822522931,-0.141660738570387,-2.3151125331395113,-0.0075416859477450094,-46.38097298269996,0.10048987907411337,0.24981115709733426,-0.1835356946283371,1.3001377045705178,45.625748458930175,20.26965665988999
MD,Maryland,189892,24033,2022,"Prince Georges County, MD",General Purpose,8126355662,675694431,5640435001,1387837879,93049767,2941863262,2959489358,-4136600521,967194,943654,0.975654491672362,89689,https://acfrs-docs.s3.us-east-2.amazonaws.com/acfrs/General%20Purpose/MD/Prince%20Georges%20County/MD%20Prince%20Georges%20County%202022.pdf,-658068335,2011969036,1827234000,1.4407320819332672,MD,189892,2020,General Purpose,7876190727,553578380,5061683704,0,87011437,2732961481,2497217158,0,967194,943654,0.975654491672362,89689,https://acfrs-docs.s3.us-east-2.amazonaws.com/acfrs/General%20Purpose/MD/Prince%20Georges%20County/MD%20Prince%20Georges%20County%202020.pdf,-789322703,1828515183,2063326398,1.5560416627328637,3.176217332351048,0.2205939671993693,7.643787973314652,-0.1144231946185763,10.032941192154158,0.1851149382499958,0.1143396803997534,-0.07410443020984361,0.16628733406645724,46.02549591277459,-3.118130875842354
MD,Maryland,189872,24005,2022,"Baltimore County, MD",General Purpose,8925251000,453369000,6493670000,2061407000,90844000,3386482000,3604481000,-4231855000,854554,793614,0.928708595903035,80159,https://acfrs-docs.s3.us-east-2.amazonaws.com/acfrs/General%20Purpose/MD/Baltimore%20County/MD%20Baltimore%20County%202022.pdf,-235370000,1592201000,1993525000,1.3744540452471408,MD,189872,2020,General Purpose,8640980000,461723000,5697653000,0,82951000,3473559000,3167797000,-4226002000,854554,793614,0.928708595903035,80159,https://acfrs-docs.s3.us-east-2.amazonaws.com/acfrs/General%20Purpose/MD/Baltimore%20County/MD%20Baltimore%20County%202020.pdf,-767485000,1831608000,1696611000,1.5165858643901269,3.2898004624475465,-0.01809309910920617,-2.506852481849308,0.17500417007787877,-13.070864508126192,0.13785100497285654,0.13970963131661404,-0.09371828030333276,0.693322996540649,38.36138588054216,-12.95291070267593
MA,Massachusetts,116575,25021,2022,"Norfolk County, MA",General Purpose,132777277,57377873,115492468,77376146,834000,49108862,58567163,NA,725999,711300,0.979777707681055,114658,https://acfrs-docs.s3.us-east-2.amazonaws.com/acfrs/General%20Purpose/MA/Norfolk%20County/MA%20Norfolk%20County%202022.pdf,-47919572,NA,NA,1.1496617857365383,MA,116575,2020,General Purpose,105376198,2226019,53572033,0,884000,41107208,34165053,0,725999,711300,0.979777707681055,114658,https://acfrs-docs.s3.us-east-2.amazonaws.com/acfrs/General%20Purpose/MA/Norfolk%20County/MA%20Norfolk%20County%202020.pdf,-9168174,30650254,55376593,1.967000169659419,26.00310081409466,24.77600325963076,19.46533075172607,NA,NA,0.7142418306800227,1.155835079098081,-0.4155253245679184,-4.226730208218125,46.69862783750254,22.64940506289925
MI,Michigan,40867,26163,2022,"Wayne County, MI",General Purpose,2118429006,623396057,3666528737,2010651719,22336965,846795263,1113482231,10038820,1793549,1777476,0.991031807672,52644,https://acfrs-docs.s3.us-east-2.amazonaws.com/acfrs/General%20Purpose/MI/Wayne%20Charter%20County/MI%20Wayne%20Charter%20County%202022.pdf,-356709089,563847992,75074340,0.5777750995436969,MI,40867,2020,General Purpose,1812948420,331168554,2851979979,0,22332762,776082084,1084737794,0,1793549,1777476,0.991031807672,52644,https://acfrs-docs.s3.us-east-2.amazonaws.com/acfrs/General%20Purpose/MI/Wayne%20Charter%20County/MI%20Wayne%20Charter%20County%202020.pdf,-22512844,547323476,91675340,0.6356806265644546,16.849932553514126,0.8824131985671563,9.111559261301025,-0.18108468427823665,3.0191498674177097,0.026498972524967634,0.2856081613467736,-0.09109216893034632,-14.844692434238873,48.53590581954721,-41.34787050701231
MI,Michigan,34282,26125,2022,"Oakland County, MI",General Purpose,823708772,376154998,2475152819,1414960210,17039018,898512183,909318646,1101651561,1274395,1203765,0.944577623107435,86597,https://acfrs-docs.s3.us-east-2.amazonaws.com/acfrs/General%20Purpose/MI/Oakland%20County/MI%20Oakland%20County%202022.pdf,-365348535,69207954,-400265102,0.3327910768486574,MI,34282,2020,General Purpose,741376009,321853855,2364017653,0,16548221,824504475,970737618,0,1274395,1203765,0.944577623107435,86597,https://acfrs-docs.s3.us-east-2.amazonaws.com/acfrs/General%20Purpose/MI/Oakland%20County/MI%20Oakland%20County%202020.pdf,-175620712,22497565,-384338239,0.3136084910614667,11.105398879989924,0.1687136635352713,8.976022598300634,-0.04143970436415514,207.6241984410313,-0.06327041505462705,0.04701114048745219,0.06116730360923462,-1.0803271484288255,40.952069658238344,-6.309016418819205
MI,Michigan,34275,26099,2022,"Macomb County, MI",General Purpose,797411925,414588393,2507062207,986217737,19021989,705098729,905786976,348919583,881219,852930,0.967900074555983,67646,https://acfrs-docs.s3.us-east-2.amazonaws.com/acfrs/General%20Purpose/MI/Macomb%20County/MI%20Macomb%20County%202022.pdf,-213900146,29807879,79426180,0.31806627006443483,MI,34275,2020,General Purpose,588170168,180814373,2137456482,0,17171117,626031609,838603717,140763809,881219,852930,0.967900074555983,67646,https://acfrs-docs.s3.us-east-2.amazonaws.com/acfrs/General%20Purpose/MI/Macomb%20County/MI%20Macomb%20County%202020.pdf,31757735,-84215482,110683716,0.2751729323862791,35.57503735891617,1.2928951173588397,12.62989262256245,-0.2824041072130249,135.39477337433038,0.080113237800018,0.1729184795632251,0.15587775042475258,-7.735371587425867,44.75955551389981,-25.86609013322876
MI,Michigan,34271,26081,2022,"Kent County, MI",General Purpose,516826360,173721069,979419965,602578567,10199303,414111433,417949271,0,657984,551457,0.838113664065753,71933,https://acfrs-docs.s3.us-east-2.amazonaws.com/acfrs/General%20Purpose/MI/Kent%20County/MI%20Kent%20County%202022.pdf,-169883231,130987955,22376361,0.5276861596342892,MI,34271,2020,General Purpose,258942401,52041949,820400220,0,10260598,402892482,462703732,0,657984,551457,0.838113664065753,71933,https://acfrs-docs.s3.us-east-2.amazonaws.com/acfrs/General%20Purpose/MI/Kent%20County/MI%20Kent%20County%202020.pdf,7769301,-56763648,20274392,0.31562936562840027,99.59124423195567,2.3380969071700215,2.7846017240897534,0.10367605598234463,330.7602834123698,-0.09672379517353882,0.1938319141357617,0.6718538168452604,-22.865960785918837,23.571391684347063,-21.441987182794815
MN,Minnesota,1266941,27053,2022,"Hennepin County, MN",General Purpose,3974190169,555563684,4963542781,1718235213,153358667,3712882218,3769808267,-729024491,1281568,1250960,0.976119041952613,84220,https://acfrs-docs.s3.us-east-2.amazonaws.com/acfrs/General%20Purpose/MN/Hennepin%20County/MN%20Hennepin%20County%202022.pdf,-498637635,1282413828,141031543,0.8006761187216611,MN,1266941,2020,General Purpose,3494379106,473163198,4573737516,0,154141727,3473923249,3366383989,0,1281568,1250960,0.976119041952613,84220,https://acfrs-docs.s3.us-east-2.amazonaws.com/acfrs/General%20Purpose/MN/Hennepin%20County/MN%20Hennepin%20County%202020.pdf,-580702458,839268166,145819803,0.7640095422563816,13.730938986446652,0.17414812975374303,6.878648486801961,-0.03283682943941434,52.801438199670734,0.11983905559146836,0.08522685520023182,0.04799230171522536,0.1413199167136985,46.101335651371585,-8.762035479510018
MO,Missouri,35117,29189,2022,"St Louis County, MO",General Purpose,1165789621,153407695,2669085282,816925903,47455784,858968545,1110658227,0,1004310,990523,0.986453877754264,72507,https://acfrs-docs.s3.us-east-2.amazonaws.com/acfrs/General%20Purpose/MO/St.%20Louis%20County/MO%20St.%20Louis%20County%202022.pdf,98281987,223749888,0,0.4367749613929346,MO,35117,2020,General Purpose,1099837660,161735874,2138938727,0,46493765,920256114,870844379,-329679971,1004310,990523,0.986453877754264,72507,https://acfrs-docs.s3.us-east-2.amazonaws.com/acfrs/General%20Purpose/MO/St.%20Louis%20County/MO%20St.%20Louis%20County%202020.pdf,-211147609,324443093,0,0.5141978337745997,5.99651779518079,-0.051492466043742406,-6.659838284975524,0,-31.035706160032202,0.2753808301264812,0.2478549517608505,-0.15057020332684576,1.4654657822812476,47.78853998416568,-20.84963003477776
MO,Missouri,35114,29095,2022,"Jackson County, MO",General Purpose,551730468,137339385,1014592997,394402358,8393100,326204037,391924013,162422173,717206,686587,0.957310611764575,63282,https://acfrs-docs.s3.us-east-2.amazonaws.com/acfrs/General%20Purpose/MO/Jackson%20County/MO%20Jackson%20County%202022.pdf,-71619409,44377642,4547369,0.543794871077747,MO,35114,2020,General Purpose,544917604,71189070,905671072,0,8465885,357086121,379903957,92176003,717206,686587,0.957310611764575,63282,https://acfrs-docs.s3.us-east-2.amazonaws.com/acfrs/General%20Purpose/MO/Jackson%20County/MO%20Jackson%20County%202020.pdf,-48371234,46067941,5636802,0.6016727494637258,1.2502558093168157,0.9292201035917452,-8.648357408435933,-0.19327146846740403,-3.669143797852828,0.03163972308927543,0.1202665386667004,-0.09619494723263712,-0.48061984525761736,43.03078228067908,-30.369655627908898
NV,Nevada,82176,32003,2022,"Clark County, NV",General Purpose,9487340495,884775706,21689836959,6965083255,307613570,3474391296,4776029994,190796550,2265469,2236714,0.987310750438873,63735,https://acfrs-docs.s3.us-east-2.amazonaws.com/acfrs/General%20Purpose/NV/Clark%20County/NV%20Clark%20County%202022.pdf,416862992,1909884763,699929865,0.43740948873584384,NV,82176,2020,General Purpose,11263235204,925452056,20823998043,0,303849498,4770538170,5146232160,0,2265469,2236714,0.987310750438873,63735,https://acfrs-docs.s3.us-east-2.amazonaws.com/acfrs/General%20Purpose/NV/Clark%20County/NV%20Clark%20County%202020.pdf,-549758066,2971365931,683532382,0.5408776537887806,-15.767181247971388,-0.04395295222079014,-27.169825034645932,0.02398932871625093,-35.723677010820516,-0.07193654590196336,0.04157889922060631,-0.19129680127872756,1.7582662588892328,47.9284279643786,-29.902168192278715
NJ,New Jersey,35609,34003,2022,"Bergen County, NJ",General Purpose,176656160,0,1582245345,0,22589717,726123897,761367823,0,955746,954575,0.99878940958344,104777,https://acfrs-docs.s3.us-east-2.amazonaws.com/acfrs/General%20Purpose/NJ/Bergen%20County/NJ%20Bergen%20County%202022.pdf,35243926,424813024,1102707506,0.11164903126954688,NJ,35609,2020,General Purpose,1293974943,0,188343132,0,25906823,774960411,813424414,0,955746,954575,0.99878940958344,104777,https://acfrs-docs.s3.us-east-2.amazonaws.com/acfrs/General%20Purpose/NJ/Bergen%20County/NJ%20Bergen%20County%202020.pdf,38464003,458269025,1209601242,6.870305963691843,-86.3477912802211,0,-6.301807590013782,-0.08837105344175895,-7.300515455959521,-0.06399683867860892,7.400865633900577,-0.9837490452594704,-0.08371663760529553,49.80236614927807,12.452399872034349
NJ,New Jersey,1036493,34023,2022,"Middlesex County, NJ",General Purpose,24081853,24081853,818946554,0,24277918,678535218,691143942,0,863183,854733,0.990234741566473,98992,https://acfrs-docs.s3.us-east-2.amazonaws.com/acfrs/General%20Purpose/NJ/Middlesex%20County/NJ%20Middlesex%20County%202022.pdf,-11473129,160125268,864329337,0.02940589087575549,NJ,1036493,2020,General Purpose,30887865,30887865,185130805,0,0,670746438,689147555,0,863183,854733,0.990234741566473,98992,https://acfrs-docs.s3.us-east-2.amazonaws.com/acfrs/General%20Purpose/NJ/Middlesex%20County/NJ%20Middlesex%20County%202020.pdf,-12486748,177540900,1171909109,0.16684346508405232,-22.034582189477973,-0.22034582189477972,1.1612107882710814,-0.26246043284232207,-9.809363363596782,0.0028968933946228684,3.423610398064223,-0.8237516173561763,0.08117557910194072,48.4057815086652,6.482389242629068
NJ,New Jersey,43829,34013,2022,"Essex County, NJ",General Purpose,1333822760,0,509061826,509061826,0,940128190,980178939,0,862782,863609,0.999862225144953,66191,https://acfrs-docs.s3.us-east-2.amazonaws.com/acfrs/General%20Purpose/NJ/Essex%20County/NJ%20Essex%20County%202022.pdf,40050749,0,0,2.6201586759719047,NJ,43829,2020,General Purpose,1244720579,0,403188793,403188793,0,970983653,1008216197,0,862782,863609,0.999862225144953,66191,https://acfrs-docs.s3.us-east-2.amazonaws.com/acfrs/General%20Purpose/NJ/Essex%20County/NJ%20Essex%20County%202020.pdf,37232544,0,0,3.087190419501566,7.158408280803398,0,-3.1777530862303816,0,0,-0.027808775621167688,0.26258922578733485,-0.15128051077751942,0.07569198065004637,49.97750768983205,-27.367622625153505
NJ,New Jersey,35620,34017,2022,"Hudson County, NJ",General Purpose,153968929,139415099,1055534451,0,34627423,689844172,735647146,0,724857,724854,1,79159,https://acfrs-docs.s3.us-east-2.amazonaws.com/acfrs/General%20Purpose/NJ/Hudson%20County/NJ%20Hudson%20County%202022.pdf,-93612125,241964470,672080872,0.14586821761632865,NJ,35620,2020,General Purpose,141205886,104034009,287209909,0,32690799,735243231,774659279,0,724857,724854,1,79159,https://acfrs-docs.s3.us-east-2.amazonaws.com/acfrs/General%20Purpose/NJ/Hudson%20County/NJ%20Hudson%20County%202020.pdf,-64617961,247717198,471436462,0.49164698561984504,9.038605515353659,0.3400915752463216,-6.174699349255213,0.42560223099587063,-2.3222965730461715,-0.050360376564985286,2.6751324307546787,-0.703307003026928,-0.44870131386535084,50,-13.984891796782286
NJ,New Jersey,46288,34025,2022,"Monmouth County, NJ",General Purpose,49588487,49588487,1154066548,0,5399927,595633392,633695620,0,643608,610605,0.948711574466102,107500,https://acfrs-docs.s3.us-east-2.amazonaws.com/acfrs/General%20Purpose/NJ/Monmouth%20County/NJ%20Monmouth%20County%202022.pdf,-11526259,200168238,332633236,0.042968481398180165,NJ,46288,2020,General Purpose,54882073,54882073,259866838,0,0,602637348,635719596,0,643608,610605,0.948711574466102,107500,https://acfrs-docs.s3.us-east-2.amazonaws.com/acfrs/General%20Purpose/NJ/Monmouth%20County/NJ%20Monmouth%20County%202020.pdf,-21799825,179957990,473743040,0.2111930611169402,-9.645382746384232,-0.09645382746384233,-1.1622173805265055,-0.2978614820388707,11.23053663802313,-0.003183755877174502,3.440991997601479,-0.7965440665004236,0.47126827852975883,41.62695417288042,15.262484391285952
NJ,New Jersey,35632,34029,2022,"Ocean County, NJ",General Purpose,1068262683,0,1068262683,0,2477602,547849437,584612193,0,637229,613695,0.96306822194219,75732,https://acfrs-docs.s3.us-east-2.amazonaws.com/acfrs/General%20Purpose/NJ/Ocean%20County/NJ%20Ocean%20County%202022.pdf,36762756,302916834,0,1,NJ,35632,2020,General Purpose,981487997,0,284794695,0,0,575798142,607245768,0,637229,613695,0.96306822194219,75732,https://acfrs-docs.s3.us-east-2.amazonaws.com/acfrs/General%20Purpose/NJ/Ocean%20County/NJ%20Ocean%20County%202020.pdf,31447626,320908683,0,3.446300139123027,8.841135731178992,0,-4.853906770682147,0,-5.606532310626198,-0.037272511712259475,2.7509922121267043,-0.7098337464436664,0.16901530182278307,43.97073575692684,-17.52149100628477
NM,New Mexico,35908,35001,2022,"Bernalillo County, NM",General Purpose,806023552,204159486,1478016698,830346322,43040640,469291512,559608211,0,676438,649512,0.960185913394161,59723,https://acfrs-docs.s3.us-east-2.amazonaws.com/acfrs/General%20Purpose/NM/Bernalillo%20County/NM%20Bernalillo%20County%202022.pdf,-113842787,234892180,95808405,0.5453413030385128,NM,35908,2020,General Purpose,802443844,118220605,1196661005,0,40209486,446263842,492791899,-257591553,676438,649512,0.960185913394161,59723,https://acfrs-docs.s3.us-east-2.amazonaws.com/acfrs/General%20Purpose/NM/Bernalillo%20County/NM%20Bernalillo%20County%202020.pdf,-71692548,325383442,96053173,0.6705690589458123,0.44610074920083753,0.726936569136996,5.1601021263111875,-0.002548255225259451,-27.810653622626564,0.13558727758225586,0.2351172903808293,-0.186748485091405,-0.5879305475375209,43.500187064715675,-34.04247634183342
NY,New York,36008,36103,2022,"Suffolk County, NY",General Purpose,8777884761,1060478347,6748895549,2768267000,387384559,3045689813,3998664007,0,1525936,1495948,0.980358079060501,112681,https://acfrs-docs.s3.us-east-2.amazonaws.com/acfrs/General%20Purpose/NY/Suffolk%20County/NY%20Suffolk%20County%202022.pdf,-107504153,-129675084,4723930000,1.3006401858302046,NY,36008,2020,General Purpose,12322349989,614044114,5650975783,0,511243404,3579014653,3589705708,0,1525936,1495948,0.980358079060501,112681,https://acfrs-docs.s3.us-east-2.amazonaws.com/acfrs/General%20Purpose/NY/Suffolk%20County/NY%20Suffolk%20County%202020.pdf,-603353059,1104493609,6901030000,2.180570305409854,-28.764523253795726,0.7270393491631124,-14.90144332191981,-0.3154746465382704,-111.74068215002228,0.11392529980622021,0.19428852788626436,-0.4035321023113081,0.821822146425879,46.79337584558162,20.60917843985098
NY,New York,43010,36059,2022,"Nassau County, NY",General Purpose,14209896000,731113000,7101918000,2695126000,460423000,3023249000,3803833000,-10047208000,1395777,1389785,0.995709190742914,125118,https://acfrs-docs.s3.us-east-2.amazonaws.com/acfrs/General%20Purpose/NY/Nassau%20County/NY%20Nassau%20County%202022.pdf,49471000,-85605000,6777227000,2.000853290618112,NY,43010,2020,General Purpose,14455591000,831739000,5335774000,0,465132000,3804405000,3431196000,0,1395777,1389785,0.995709190742914,125118,https://acfrs-docs.s3.us-east-2.amazonaws.com/acfrs/General%20Purpose/NY/Nassau%20County/NY%20Nassau%20County%202020.pdf,-1204948000,918259000,6311284000,2.709183522390566,-1.6996537879357545,-0.1209826640328276,-20.53293484789343,0.07382697403571127,-109.32253318508177,0.10860265633324356,0.3310005258843422,-0.2614552413737656,1.0410565435188905,49.29950779009066,33.44392730725173
NY,New York,36016,36119,2022,"Westchester County, NY",General Purpose,5455855819,839826942,5560130370,1339038120,53962519,2440642883,2897940988,0,1004445,958924,0.954669040088326,109131,https://acfrs-docs.s3.us-east-2.amazonaws.com/acfrs/General%20Purpose/NY/Westchester%20County/NY%20Westchester%20County%202022.pdf,-382528837,-114934671,2765190616,0.9812460240927768,NY,36016,2020,General Purpose,6973518018,585376212,4281177842,0,56072618,2785455907,2636441581,0,1004445,958924,0.954669040088326,109131,https://acfrs-docs.s3.us-east-2.amazonaws.com/acfrs/General%20Purpose/NY/Westchester%20County/NY%20Westchester%20County%202020.pdf,-734390538,498291015,4264402132,1.628878377718185,-21.763221878578644,0.43467897188825294,-12.379051599182251,-0.35156429192030053,-123.0657723178091,0.09918649777205134,0.29873847226176503,-0.397594051516998,0.4791206895969022,42.5995348701647,16.94564555577341
NY,New York,35982,36029,2022,"Erie County, NY",General Purpose,2719801000,413110000,2416979000,1442557000,33860000,1948717000,2218476000,-1370789000,954244,855868,0.896914390150864,63014,https://acfrs-docs.s3.us-east-2.amazonaws.com/acfrs/General%20Purpose/NY/Erie%20County/NY%20Erie%20County%202022.pdf,-143351000,-88970000,1319702000,1.1252894625894556,NY,35982,2020,General Purpose,3025657000,237233000,1853185000,0,33915000,1970097000,1883843000,-1749234000,954244,855868,0.896914390150864,63014,https://acfrs-docs.s3.us-east-2.amazonaws.com/acfrs/General%20Purpose/NY/Erie%20County/NY%20Erie%20County%202020.pdf,-323487000,289687000,1345295000,1.6326794140897967,-10.108746629244491,0.7413681907660401,-1.0852257528436418,-0.019024080220323425,-130.7124586191303,0.17763316794446246,0.3042297450065698,-0.31077132909353555,0.5568569988902181,33.17085138804059,-30.6462265611294
NY,New York,43310,36055,2022,"Monroe County, NY",General Purpose,1764413000,451053000,2226677000,794606000,NA,1669037000,1850800000,0,759444,697775,0.918798382498752,66003,https://acfrs-docs.s3.us-east-2.amazonaws.com/acfrs/General%20Purpose/NY/Monroe%20County/NY%20Monroe%20County%202022.pdf,-269290000,-90627000,421149000,0.7923973706110047,NY,43310,2020,General Purpose,2108989000,328043000,1821604000,0,0,1663163000,1647068000,-980215000,759444,697775,0.918798382498752,66003,https://acfrs-docs.s3.us-east-2.amazonaws.com/acfrs/General%20Purpose/NY/Monroe%20County/NY%20Monroe%20County%202020.pdf,-344138000,271901000,608043000,1.1577648050838711,-16.338444629156434,0.3749813286672784,0.35318246016776467,-0.3073697090501823,-133.33088146053157,0.12369373942059465,0.2223716021703949,-0.31558001492919663,0.21749414479075255,36.743502895700814,-27.561635070845504
NC,North Carolina,36674,37183,2022,"Wake County, NC",General Purpose,3954860060,343675750,2627481748,1677172361,19194635,1932392591,1991869149,0,1129393,1071162,0.94842616941589,91558,https://acfrs-docs.s3.us-east-2.amazonaws.com/acfrs/General%20Purpose/NC/Wake%20County/NC%20Wake%20County%202022.pdf,-284199192,85096956,582455375,1.5051903074152202,NC,36674,2020,General Purpose,3533852433,289701442,2143000000,0,16515621,1712110168,1689602194,0,1129393,1071162,0.94842616941589,91558,https://acfrs-docs.s3.us-east-2.amazonaws.com/acfrs/General%20Purpose/NC/Wake%20County/NC%20Wake%20County%202020.pdf,-312209416,113302929,415753783,1.6490212006532898,11.913559917457935,0.18631011163555064,12.866136018415375,0.4009622974374715,-24.894301717478108,0.17889829693249085,0.2260764106392907,-0.08722197942700094,0.08971614104040988,41.580360627848776,-1.1893582109575718
NC,North Carolina,36607,37119,2022,"Mecklenburg County, NC",General Purpose,2646851948,416986855,3133043677,1657106896,43650825,2168695921,2251123416,0,1115526,1106063,0.991556116548721,75138,https://acfrs-docs.s3.us-east-2.amazonaws.com/acfrs/General%20Purpose/NC/Mecklenburg%20County/NC%20Mecklenburg%20County%202022.pdf,-334559360,95413624,445605480,0.8448180813535463,NC,36607,2020,General Purpose,2678783023,237829916,2869838238,0,36921453,1863619083,1869490833,-1382460863,1115526,1106063,0.991556116548721,75138,https://acfrs-docs.s3.us-east-2.amazonaws.com/acfrs/General%20Purpose/NC/Mecklenburg%20County/NC%20Mecklenburg%20County%202020.pdf,-231958166,136510837,514883109,0.9334264863886031,-1.191999304379644,0.7532985841865243,16.37012846578584,-0.13455020720052402,-30.105458220873704,0.20413717802915807,0.09171438149887806,-0.09492810234888438,-0.44232628568032395,48.62150139411693,-18.13448777618394
OH,Ohio,196354,39049,2022,"Franklin County, OH",General Purpose,1134673000,333895000,3608995000,2289645000,71033000,1355679000,1560390000,167923000,1323800,1305636,0.986273678867086,66056,https://acfrs-docs.s3.us-east-2.amazonaws.com/acfrs/General%20Purpose/OH/Franklin%20County/OH%20Franklin%20County%202022.pdf,-129184000,235764000,-79476000,0.3144013776688524,OH,196354,2020,General Purpose,1539152000,119288000,3085636000,0,64635000,1358038000,1407426000,-210155000,1323800,1305636,0.986273678867086,66056,https://acfrs-docs.s3.us-east-2.amazonaws.com/acfrs/General%20Purpose/OH/Franklin%20County/OH%20Franklin%20County%202020.pdf,-69900000,485833000,329202000,0.4988119143022703,-26.279340831834674,1.799066125679029,-0.17370647949468276,-1.2414201614814004,-51.47221370306257,0.10868351160203094,0.16961138643702628,-0.3696995427452214,-0.8481258941344778,47.7591217767508,-27.506940072857866
OH,Ohio,36874,39035,2022,"Cuyahoga County, OH",General Purpose,1790424922,157082563,3784712387,2163305368,34786484,1390422019,1390422019,-201393140,1264813,1257664,0.994344636417758,55250,https://acfrs-docs.s3.us-east-2.amazonaws.com/acfrs/General%20Purpose/OH/Cuyahoga%20County/OH%20Cuyahoga%20County%202022.pdf,-157082563,237203019,-87108546,0.4730676307531001,OH,36874,2020,General Purpose,2415923380,133324213,3312805152,0,35404475,1491968669,1522380010,0,1264813,1257664,0.994344636417758,55250,https://acfrs-docs.s3.us-east-2.amazonaws.com/acfrs/General%20Purpose/OH/Cuyahoga%20County/OH%20Cuyahoga%20County%202020.pdf,-102912872,574879699,392431113,0.7292681788246628,-25.890657923100193,0.17819981431279852,-6.806218663295536,-1.221971559120492,-58.73866838355689,-0.08667874652400355,0.1424494388736087,-0.35131184317471875,-0.5263645834313126,49.07673869980978,-38.65852777577115
OH,Ohio,36884,39061,2022,"Hamilton County, OH",General Purpose,2119322000,301302000,4850595000,1721936000,64828000,1194765000,1472060000,196435000,830625,810853,0.976179784479178,64087,https://acfrs-docs.s3.us-east-2.amazonaws.com/acfrs/General%20Purpose/OH/Hamilton%20County/OH%20Hamilton%20County%202022.pdf,-24007000,423265000,-79527000,0.436920006720825,OH,36884,2020,General Purpose,2670799000,189713000,4467828000,0,62610000,1430020000,1445009000,0,830625,810853,0.976179784479178,64087,https://acfrs-docs.s3.us-east-2.amazonaws.com/acfrs/General%20Purpose/OH/Hamilton%20County/OH%20Hamilton%20County%202020.pdf,-174724000,724487000,218552000,0.597784650617705,-20.64839023827701,0.5881990164089967,-16.451168515125662,-1.3638813646180314,-41.57728157993173,0.01872029862789782,0.08567182980186346,-0.2691013289328436,0.8626004441290264,46.11125211796788,-29.53891084715328
OK,Oklahoma,159854,40109,2022,"Oklahoma County, OK",General Purpose,519321289,180925306,378338607,251618787,7007664,159563132,167461530,-428838531,796567,735843,0.924086892747886,57890,https://acfrs-docs.s3.us-east-2.amazonaws.com/acfrs/General%20Purpose/OK/Oklahoma%20County/OK%20Oklahoma%20County%202022.pdf,-173026908,9589446,313471344,1.3726362559663385,OK,159854,2020,General Purpose,407711309,26993632,276984576,146236643,5925133,143243674,201157773,-447481386,796567,735843,0.924086892747886,57890,https://acfrs-docs.s3.us-east-2.amazonaws.com/acfrs/General%20Purpose/OK/Oklahoma%20County/OK%20Oklahoma%20County%202020.pdf,30920467,11866832,341340034,1.4719639443028047,27.374756975406832,5.702518060555912,11.3927949097424,-0.08164494997384339,-19.19118767334028,-0.16751151346261922,0.3659194041187333,-0.06747970201370167,-6.595869816584594,37.60687388461767,-35.934097687330365
OK,Oklahoma,37333,40143,2022,"Tulsa County, OK",General Purpose,233051819,33263979,656937149,333374504,6413243,251208269,306890059,-17339070,669272,634925,0.948670136071803,59232,https://acfrs-docs.s3.us-east-2.amazonaws.com/acfrs/General%20Purpose/OK/Tulsa%20County/OK%20Tulsa%20County%202022.pdf,22417811,110215585,0,0.35475512285270383,OK,37333,2020,General Purpose,248720189,16143588,614212270,0,6144609,216565063,329527316,0,669272,634925,0.948670136071803,59232,https://acfrs-docs.s3.us-east-2.amazonaws.com/acfrs/General%20Purpose/OK/Tulsa%20County/OK%20Tulsa%20County%202020.pdf,96818665,101018575,3994591,0.4049417459537238,-6.299597175040744,1.0605071809315252,15.996673480061741,-1,9.104276119515644,-0.06869614718070899,0.06956044528384299,-0.12393541442070835,-0.7684556898197263,41.62018918505214,-34.54917905903964
OR,Oregon,103191,41051,2022,"Multnomah County, OR",General Purpose,1620060000,345769000,3023123000,1574079000,36118000,1765692000,2174778000,0,815429,804977,0.987183417787959,77851,https://acfrs-docs.s3.us-east-2.amazonaws.com/acfrs/General%20Purpose/OR/Multnomah%20County/OR%20Multnomah%20County%202022.pdf,63317000,396720000,114171000,0.5358895420398045,OR,103191,2020,General Purpose,1265422000,170272000,1983688000,0,32855000,1357839000,1373076000,0,815429,804977,0.987183417787959,77851,https://acfrs-docs.s3.us-east-2.amazonaws.com/acfrs/General%20Purpose/OR/Multnomah%20County/OR%20Multnomah%20County%202020.pdf,-155035000,581413000,121091000,0.6379138251579886,28.02527536268533,1.030686196203721,30.036918957254873,-0.05714710424391573,-31.766231577209314,0.583872997561679,0.5239911719988224,-0.15993427183196135,1.40840455381043,47.90764038686393,-15.334723067873398
PA,Pennsylvania,37703,42003,2022,"Allegheny County, PA",General Purpose,3495707885,242179246,1950409178,875807619,10915406,2335737734,2351482244,0,1250585,1220381,0.9758535653114,68874,https://acfrs-docs.s3.us-east-2.amazonaws.com/acfrs/General%20Purpose/PA/Allegheny%20County/PA%20Allegheny%20County%202022.pdf,-226434736,1709287075,64322191,1.7922946243436924,PA,37703,2020,General Purpose,3045677641,301434463,1432271832,0,10556597,2192761099,2005108266,0,1250585,1220381,0.9758535653114,68874,https://acfrs-docs.s3.us-east-2.amazonaws.com/acfrs/General%20Purpose/PA/Allegheny%20County/PA%20Allegheny%20County%202020.pdf,-489087296,1648275854,57453399,2.1264662007260644,14.776030067720486,-0.1965774464215792,6.520392716981522,0.11955414509070211,3.701517610170609,0.1727457733197535,0.3617590840116445,-0.1571487833986131,0.5370259300294727,46.057995500845095,-24.598817349666152
PA,Pennsylvania,164478,42091,2022,"Montgomery County, PA",General Purpose,1222227145,311068667,1258963411,655932187,15317762,903835651,914572568,12749047,856559,827974,0.966634872564803,102648,https://acfrs-docs.s3.us-east-2.amazonaws.com/acfrs/General%20Purpose/PA/Montgomery%20County/PA%20Montgomery%20County%202022.pdf,-300331750,NA,NA,0.9708202274355057,PA,164478,2020,General Purpose,660085418,111189435,722345190,0,16333167,728547177,808381108,0,856559,827974,0.966634872564803,102648,https://acfrs-docs.s3.us-east-2.amazonaws.com/acfrs/General%20Purpose/PA/Montgomery%20County/PA%20Montgomery%20County%202020.pdf,-31355504,83324020,0,0.9138088370187666,85.1619671743756,1.7976459004400913,24.060003186313907,NA,NA,0.13136311443834484,0.7428833588550648,0.062388749273572915,-8.578278505744956,44.5530060996326,10.255312122681914
PA,Pennsylvania,37704,42017,2022,"Bucks County, PA",General Purpose,713808738,295839525,1036299936,434865764,15562261,671377660,765395005,0,646526,579965,0.897031574323551,99755,https://acfrs-docs.s3.us-east-2.amazonaws.com/acfrs/General%20Purpose/PA/Bucks%20County/PA%20Bucks%20County%202022.pdf,-201822180,167833441,0,0.6888051549585351,PA,37704,2020,General Purpose,518377250,163326805,804128100,0,17114411,618696315,693968803,0,646526,579965,0.897031574323551,99755,https://acfrs-docs.s3.us-east-2.amazonaws.com/acfrs/General%20Purpose/PA/Bucks%20County/PA%20Bucks%20County%202020.pdf,-88054317,2702513,0,0.6446451131355813,37.70062980194444,0.8113347959019954,8.514895550978027,0,6110.2732160770365,0.10292422611971506,0.2887249382281256,0.06850287223641165,-1.2920191408673354,33.18998218486084,7.269790817432224
PA,Pennsylvania,42714,42101,2022,"Philadelphia, PA",General Purpose,21025387000,3391914000,16832660000,8373639000,202700000,8888976000,10214282000,-7754919000,1603799,1603797,1,52882,https://acfrs-docs.s3.us-east-2.amazonaws.com/acfrs/General%20Purpose/PA/Philadelphia/PA%20Philadelphia%202022.pdf,-2066608000,5386419000,2156649000,1.249082854403285,PA,42714,2020,General Purpose,19141711000,1937322000,13216525000,0,0,8712288000,8677695000,0,1603799,1603797,1,52882,https://acfrs-docs.s3.us-east-2.amazonaws.com/acfrs/General%20Purpose/PA/Philadelphia/PA%20Philadelphia%202020.pdf,-1971915000,6095885000,1935327000,1.4483164825852484,9.840687700279249,0.7508261404144484,2.0280321311692178,0.11435896879442078,-11.638441341987258,0.17707317438559433,0.27360709414918066,-0.1375622183256044,-0.04802083254095638,50,-41.102259006615
TN,Tennessee,1265440,47157,2022,"Shelby County, TN",General Purpose,1686087369,240880271,2196132996,785505268,30578102,1260871205,1399883407,-1100027494,929722,898107,0.965972353680153,54931,https://acfrs-docs.s3.us-east-2.amazonaws.com/acfrs/General%20Purpose/TN/Shelby%20County/TN%20Shelby%20County%202022.pdf,-101868069,458893000,-119734000,0.7677528510664023,TN,1265440,2020,General Purpose,1845498562,185322233,1927169554,0,30558690,1310066504,1216535173,0,929722,898107,0.965972353680153,54931,https://acfrs-docs.s3.us-east-2.amazonaws.com/acfrs/General%20Purpose/TN/Shelby%20County/TN%20Shelby%20County%202020.pdf,-278853564,571656496,-18933000,0.9576212732136178,-8.63783891693978,0.2997915420110441,-3.755175699080388,-5.32409021285586,-19.725743832009215,0.15071346728747645,0.13956397424489408,-0.19827089002529005,0.6346897362947098,44.44484717440221,-38.987729744791075
TN,Tennessee,1267141,47037,2022,"The Metropolitan Government Of Nashwille And Davidson County, TN",General Purpose,8592404771,1104487524,11484040964,4071414566,102031243,2342151854,4083458215,0,1913459,113939.692307692,0.387457962217533,65463,https://acfrs-docs.s3.us-east-2.amazonaws.com/acfrs/General%20Purpose/TN/The%20Metropolitan%20Government%20of%20Nashville%20and%20Davidson%20County/TN%20The%20Metropolitan%20Government%20of%20Nashville%20and%20Davidson%20County%202022.pdf,636818837,42884484,2414800324,0.748203946497173,TN,1267141,2020,General Purpose,10106765040,431000385,9149662279,0,97051724,3182771804,2985439389,-4201043109,1913459,113939.692307692,0.387457962217533,65463,https://acfrs-docs.s3.us-east-2.amazonaws.com/acfrs/General%20Purpose/TN/The%20Metropolitan%20Government%20of%20Nashville%20and%20Davidson%20County/TN%20The%20Metropolitan%20Government%20of%20Nashville%20and%20Davidson%20County%202020.pdf,-628332800,303734402,4261044596,1.1046052555619141,-14.983629905380683,1.562613775855444,-26.411568336238787,-0.43328442836133135,-85.88092632325528,0.3677913643283816,0.25513277034910764,-0.3226503832660467,2.0135056406413927,-50,-28.118904861662937
TX,Texas,1265423,48201,2022,"Harris County, TX",General Purpose,10592080708,1265164404,21827793919,2566935622,52367328,4590488836,4479142642,0,4731129,4677507,0.988662786703853,63539,https://acfrs-docs.s3.us-east-2.amazonaws.com/acfrs/General%20Purpose/TX/Harris%20County/TX%20Harris%20County%202022.pdf,-1376510598,-253423134,3922333666,0.4852565837530711,TX,1265423,2020,General Purpose,8947139580,660408855,20564102118,0,48806862,3599520889,4137326161,-690677178,4731129,4677507,0.988662786703853,63539,https://acfrs-docs.s3.us-east-2.amazonaws.com/acfrs/General%20Purpose/TX/Harris%20County/TX%20Harris%20County%202020.pdf,-122603583,470462074,2733774269,0.4350853506104924,18.385106360439725,0.9157290130520737,27.530551358331067,0.43476866780034795,-153.86685728890444,0.08261772644905092,0.061451348264501944,0.11531354266968691,-10.227327654853285,48.149153429993106,-30.104436486723564
TX,Texas,38622,48113,2022,"Dallas County, TX",General Purpose,1211575000,479961000,2667309000,1684411000,40447000,1050839000,1153142000,-83858,2611491,2598426,0.994217419368909,63549,https://acfrs-docs.s3.us-east-2.amazonaws.com/acfrs/General%20Purpose/TX/Dallas%20County/TX%20Dallas%20County%202022.pdf,-377658000,246648000,194549000,0.45423121205679584,TX,38622,2020,General Purpose,942867000,285802000,2327500000,0,40641000,1018668000,1062432000,-123646,2611491,2598426,0.994217419368909,63549,https://acfrs-docs.s3.us-east-2.amazonaws.com/acfrs/General%20Purpose/TX/Dallas%20County/TX%20Dallas%20County%202020.pdf,-242038000,156475000,228011000,0.40509860365198713,28.49903538887245,0.679347940182364,3.1581437720631254,-0.14675607755766168,57.627736060073495,0.085379581940303,0.14599742212674544,0.12128555359577996,-0.5603252381857394,49.05596999480635,-30.0941166757825
TX,Texas,38644,48439,2022,"Tarrant County, TX",General Purpose,1200856000,462047000,1741510000,1227712000,50152000,761000000,896004000,-61885000,2110608,2084718,0.987718417162567,71399,https://acfrs-docs.s3.us-east-2.amazonaws.com/acfrs/General%20Purpose/TX/Tarrant%20County/TX%20Tarrant%20County%202022.pdf,-327043000,28589000,222716000,0.6895487249570775,TX,38644,2020,General Purpose,908700000,186900000,1108001000,0,50367000,717381000,816457000,-272985000,2110608,2084718,0.987718417162567,71399,https://acfrs-docs.s3.us-east-2.amazonaws.com/acfrs/General%20Purpose/TX/Tarrant%20County/TX%20Tarrant%20County%202020.pdf,-87824000,227323000,184230000,0.8201256136050419,32.150984923517115,1.4721615837346174,6.0803115778087236,0.20890191608315692,-87.42362189483687,0.09742950332963034,0.5717585092432227,-0.15921571827757583,-2.723845418108945,47.99498122906063,-21.993065087047604
TX,Texas,38615,48029,2022,"Bexar County, TX",General Purpose,3217678883,509065799,3660014669,1486619566,55473211,878555086,999154173,0,2009322,1914732,0.952923470779227,63014,https://acfrs-docs.s3.us-east-2.amazonaws.com/acfrs/General%20Purpose/TX/Bexar%20County/TX%20Bexar%20County%202022.pdf,-388466712,-55969325,187140419,0.8791437122516079,TX,38615,2020,General Purpose,3027051150,188401051,3227931573,0,50666275,874696720,869968776,-1231755898,2009322,1914732,0.952923470779227,63014,https://acfrs-docs.s3.us-east-2.amazonaws.com/acfrs/General%20Purpose/TX/Bexar%20County/TX%20Bexar%20County%202020.pdf,-193128995,117083764,216578397,0.9377680664979822,6.297473136520999,1.7020326919513842,0.44110900518753515,-0.1359229655762943,-147.80280637373428,0.14849429147788173,0.13385757604471996,-0.06251476920652894,-1.0114365116434225,42.31456352102785,-30.6462265611294
TX,Texas,1268559,48453,2022,"Travis County, TX",General Purpose,2193577570,382030994,3615242473,1389078683,46014831,875591410,1043089696,0,1290209,1224251,0.948893494591486,84519,https://acfrs-docs.s3.us-east-2.amazonaws.com/acfrs/General%20Purpose/TX/Travis%20Texas%20County/TX%20Travis%20Texas%20County%202022.pdf,-214532708,-39569661,650170983,0.6067580767769986,TX,1268559,2020,General Purpose,2724331272,145211872,2937537197,0,42497620,937768731,990562635,0,1290209,1224251,0.948893494591486,84519,https://acfrs-docs.s3.us-east-2.amazonaws.com/acfrs/General%20Purpose/TX/Travis%20Texas%20County/TX%20Travis%20Texas%20County%202020.pdf,-92417968,172394620,1125420726,0.9274201786388477,-19.48198104448437,1.630852345185661,-6.630347008232674,-0.422286289936338,-122.95295584050128,0.053027500880850405,0.2307052576873293,-0.3457570896640153,-1.3213311506697485,41.65665337949204,-8.45347313237221
TX,Texas,38621,48085,2022,"Collin County, TX",General Purpose,839611375,229874351,1789133304,117358872,10535141,299066697,380821720,438194302,1066465,999005,0.938504319071083,102119,https://acfrs-docs.s3.us-east-2.amazonaws.com/acfrs/General%20Purpose/TX/Collin%20County/TX%20Collin%20County%202022.pdf,-148119328,-126559762,0,0.4692838555533367,TX,38621,2020,General Purpose,665516189,116609392,1391403083,0,9374000,380118732,451872776,319273263,1066465,999005,0.938504319071083,102119,https://acfrs-docs.s3.us-east-2.amazonaws.com/acfrs/General%20Purpose/TX/Collin%20County/TX%20Collin%20County%202020.pdf,-44855348,-32523900,0,0.47830581743795086,26.15942164556421,0.971319351360652,-21.322820523351634,0,-289.1284932003849,-0.15723685907557308,0.28584831085931983,-0.018862329404522815,-2.302155363949021,39.96057786473813,9.70939412389965
TX,Texas,44488,48121,2022,"Denton County, TX",General Purpose,942504194,196556722,993781616,63674085,9783408,333491434,382086688,0,906405,841126,0.927962913521516,98027,https://acfrs-docs.s3.us-east-2.amazonaws.com/acfrs/General%20Purpose/TX/Denton%20County/TX%20Denton%20County%202022.pdf,-147961468,-7850277,131981180,0.9484017200817287,TX,44488,2020,General Purpose,920520035,74805984,815898433,0,9411703,358519043,417144223,-430498605,906405,841126,0.927962913521516,98027,https://acfrs-docs.s3.us-east-2.amazonaws.com/acfrs/General%20Purpose/TX/Denton%20County/TX%20Denton%20County%202020.pdf,-16180804,43366444,124544261,1.1282287080946019,2.3882325385780443,1.6275534588248983,-6.980831140955601,0.05971306056406726,-118.10219210041754,-0.08404176077970041,0.2180212337777587,-0.15938877172924645,-8.144259333466989,38.239650173354036,5.486527486816442
TX,Texas,197572,48215,2022,"Hidalgo County, TX",General Purpose,706023480,244737229,1306652301,622757738,13104345,556346007,590556313,0,870796,793236,0.910947758391605,44260,https://acfrs-docs.s3.us-east-2.amazonaws.com/acfrs/General%20Purpose/TX/Hidalgo%20County/TX%20Hidalgo%20County%202022.pdf,-210526923,-17497275,35754355,0.5403300322967862,TX,197572,2020,General Purpose,669328010,146732237,1096912705,0,13237379,629203305,639773050,0,870796,793236,0.910947758391605,44260,https://acfrs-docs.s3.us-east-2.amazonaws.com/acfrs/General%20Purpose/TX/Hidalgo%20County/TX%20Hidalgo%20County%202020.pdf,-136162492,47598461,47475188,0.6101925950433768,5.48243453908346,0.6679172484775789,-11.579293595732146,-0.24688334040931023,-136.76016961976984,-0.076928431105374,0.19120901330065276,-0.11449264267394824,-0.5461447562225874,35.461856310991635,-50
TX,Texas,38624,48141,2022,"El Paso County, TX",General Purpose,469658879,178298235,705151219,395518909,36531938,410698821,473629977,0,865655,830826,0.95976350910349,50983,https://acfrs-docs.s3.us-east-2.amazonaws.com/acfrs/General%20Purpose/TX/El%20Paso%20County/TX%20El%20Paso%20County%202022.pdf,-115367079,-2669398,61501898,0.6660399448306137,TX,38624,2020,General Purpose,422205749,51725969,489205595,0,36103511,383317429,382317073,-81094174,865655,830826,0.95976350910349,50983,https://acfrs-docs.s3.us-east-2.amazonaws.com/acfrs/General%20Purpose/TX/El%20Paso%20County/TX%20El%20Paso%20County%202020.pdf,-52726325,108703516,48906739,0.8630435819116091,11.239337719202872,2.4469771847096764,7.143268197178688,0.25753422243098234,-102.45566849925996,0.2388407697398332,0.44142100214532504,-0.22826615157097835,-1.1880356539167105,43.43122783177874,-43.06199110432297
TX,Texas,38625,48157,2022,"Fort Bend County, TX",General Purpose,1483281134,158164995,3724274303,484167794,12505887,622136333,873511068,0,822779,783302,0.9520199227253,98070,https://acfrs-docs.s3.us-east-2.amazonaws.com/acfrs/General%20Purpose/TX/Fort%20Bend%20County/TX%20Fort%20Bend%20County%202022.pdf,93209740,-32298711,495366734,0.39827386849705954,TX,38625,2020,General Purpose,1449434641,155833372,2686984056,0,16744995,604058894,759862848,0,822779,783302,0.9520199227253,98070,https://acfrs-docs.s3.us-east-2.amazonaws.com/acfrs/General%20Purpose/TX/Fort%20Bend%20County/TX%20Fort%20Bend%20County%202020.pdf,-29418,47941506,597396893,0.5394280765319137,2.3351513785160045,0.014962282918449586,2.992661672489173,-0.17079124480816474,-167.37108133399065,0.14956412239278213,0.3860425761305671,-0.261673824882015,3169.4594465973214,42.16705559533543,5.530902673863011
TX,Texas,38639,48339,2022,"Montgomery County, TX",General Purpose,1064840923,199379542,1730442729,367276433,13708766,519782510,533863539,-66391819,620451,478509,0.77123764793865,87831,https://acfrs-docs.s3.us-east-2.amazonaws.com/acfrs/General%20Purpose/TX/Montgomery%20County/TX%20Montgomery%20County%202022.pdf,-185298513,-47475152,224199623,0.6153575065817737,TX,38639,2020,General Purpose,1112577123,150264813,1632772308,0,15389794,544102225,556157482,0,620451,478509,0.77123764793865,87831,https://acfrs-docs.s3.us-east-2.amazonaws.com/acfrs/General%20Purpose/TX/Montgomery%20County/TX%20Montgomery%20County%202020.pdf,-138209556,24066035,253594793,0.681403719029757,-4.290596940487334,0.3268544912107933,-4.46969592892218,-0.11591393361140502,-297.2703521789111,-0.04008566587979482,0.05981876378074878,-0.09692669793764233,-0.3407069551688597,12.653607760616957,-5.035551748691965
TX,Texas,44495,48491,2022,"Williamson County, TX",General Purpose,1478698412,180096199,2464344098,1126648710,5912067,405755837,648580913,-749057671,609010,553276,0.908473819285833,96653,https://acfrs-docs.s3.us-east-2.amazonaws.com/acfrs/General%20Purpose/TX/Williamson%20County/TX%20Williamson%20County%202022.pdf,62728877,-15236030,55615361,0.6000373134580007,TX,44495,2020,General Purpose,1352794743,92763816,1891803542,0,6093347,389341953,507231383,0,609010,553276,0.908473819285833,96653,https://acfrs-docs.s3.us-east-2.amazonaws.com/acfrs/General%20Purpose/TX/Williamson%20County/TX%20Williamson%20County%202020.pdf,25125614,55619549,59226881,0.7150820436512324,9.306930681944555,0.941448797233611,4.215801527044788,-0.06097771719567674,-127.39330015063588,0.2786687392329587,0.3026427127812196,-0.16088325978066728,1.4966107096925074,35.05797560515009,4.06858546351431
UT,Utah,39288,49035,2022,"Salt Lake County, UT",General Purpose,901158680,291835637,2345103878,1063031379,29204738,1289460068,1515735637,207990235,1185236,1177043,0.993085776865068,80676,https://acfrs-docs.s3.us-east-2.amazonaws.com/acfrs/General%20Purpose/UT/Salt%20Lake%20County/UT%20Salt%20Lake%20County%202022.pdf,-65560068,-93065740,89452848,0.38427239341250197,UT,39288,2020,General Purpose,958229946,163875936,1898668886,0,28954974,1228904482,1332987995,82520007,1185236,1177043,0.993085776865068,80676,https://acfrs-docs.s3.us-east-2.amazonaws.com/acfrs/General%20Purpose/UT/Salt%20Lake%20County/UT%20Salt%20Lake%20County%202020.pdf,-59792423,75995899,95202533,0.5046851260193874,-5.95590507667144,0.7808327697362473,4.92760722146996,-0.06039424392206035,-222.46152914119745,0.13709623994025544,0.23513051448402994,-0.238589818480721,-0.09646113521775158,48.87122471463951,-12.419376477022944
UT,Utah,39292,49049,2022,"Utah County, UT",General Purpose,349027567,128632167,1093755189,559775571,7055612,346479843,444665119,0,659392,631512,0.957708458763207,86597,https://acfrs-docs.s3.us-east-2.amazonaws.com/acfrs/General%20Purpose/UT/Utah%20County/UT%20Utah%20County%202022.pdf,-30446891,-28151124,6543375,0.3191094044720459,UT,39292,2020,General Purpose,328192274,59635967,836417646,0,6177350,71794472,332859563,85121812,659392,631512,0.957708458763207,86597,https://acfrs-docs.s3.us-east-2.amazonaws.com/acfrs/General%20Purpose/UT/Utah%20County/UT%20Utah%20County%202020.pdf,201429124,24085947,8261379,0.3923784673476389,6.348501976009343,1.156956170426481,382.59961156897987,-0.20795608093999804,-216.8777960027895,0.3358940779478221,0.3076663246294065,-0.18673059041916848,-1.1511543633581012,43.09573243496929,-6.309016418819205
VA,Virginia,230306,51059,2022,"Fairfax County, VA",General Purpose,7064284286,695168747,12585953695,4470321303,168396166,5355159092,5805931496,0,1150305,1132574,0.984582403510709,133845,https://acfrs-docs.s3.us-east-2.amazonaws.com/acfrs/General%20Purpose/VA/Fairfax%20County/VA%20Fairfax%20County%202022.pdf,-244396343,1298126521,-39502513,0.5612831937246373,VA,230306,2020,General Purpose,7213251402,602285356,11114469361,0,153611412,5533259664,5484428195,0,1150305,1132574,0.984582403510709,133845,https://acfrs-docs.s3.us-east-2.amazonaws.com/acfrs/General%20Purpose/VA/Fairfax%20County/VA%20Fairfax%20County%202020.pdf,-651116825,1838029525,136090113,0.6489964718703407,-2.0651868027044817,0.15421824567821635,-3.2187278894345415,-1.2902673245631002,-29.374011497448606,0.05862111592473862,0.13239357509620292,-0.1351521648383123,0.624650548693777,47.483014138081685,42.4500263155179
WA,Washington,42969,53033,2022,"King County, WA",General Purpose,7371622000,1086659000,17890845000,7004417000,212673000,4819081000,5508067000,2389775000,2269667,2194904,0.9670565169022,110351,https://acfrs-docs.s3.us-east-2.amazonaws.com/acfrs/General%20Purpose/WA/King%20County/WA%20King%20County%202022.pdf,-397673000,-249349000,92158000,0.41203319351321865,WA,42969,2020,General Purpose,7102405000,890960000,14914538000,0,208868000,4263206000,5016201000,1553755000,2269667,2194904,0.9670565169022,110351,https://acfrs-docs.s3.us-east-2.amazonaws.com/acfrs/General%20Purpose/WA/King%20County/WA%20King%20County%202020.pdf,-137965000,375161000,106619000,0.476206839259788,3.7905047656392443,0.21964959145191704,13.038896079617077,-0.13563248576707715,-166.46453122792616,0.09805548063165731,0.19955743852072388,-0.13476002538376045,-1.882419454209401,44.62184126708061,18.20466249058316
WA,Washington,42923,53053,2022,"Pierce County, WA",General Purpose,786234000,205463000,3316298000,1178700000,29352000,826863000,1065085000,0,921137,858662,0.932183296603085,85492,https://acfrs-docs.s3.us-east-2.amazonaws.com/acfrs/General%20Purpose/WA/Pierce%20County/WA%20Pierce%20County%202022.pdf,32759000,-55500000,65840000,0.23708183040245479,WA,42923,2020,General Purpose,758885000,91501000,2802000000,0,29046000,858400000,938767000,208087000,921137,858662,0.932183296603085,85492,https://acfrs-docs.s3.us-east-2.amazonaws.com/acfrs/General%20Purpose/WA/Pierce%20County/WA%20Pierce%20County%202020.pdf,-11134000,49245000,87223000,0.27083690221270523,3.6038398439816306,1.2454727270740211,-3.6739282385834113,-0.24515322793299932,-212.70179713676515,0.13455735022641402,0.1835467523197716,-0.12463246896739526,3.9422489671277168,38.928645021258305,-7.4493555278067305
WA,Washington,39536,53061,2022,"Snohomish County, WA",General Purpose,767026252,233167166,3227446015,920061814,0,807727967,931974469,213777049,827947,730291,0.882039767765717,99650,https://acfrs-docs.s3.us-east-2.amazonaws.com/acfrs/General%20Purpose/WA/Snohomish%20County/WA%20Snohomish%20County%202022.pdf,-108920664,-48380254,3574222,0.23765734529257493,WA,39536,2020,General Purpose,658828081,129803339,2344961772,0,40160179,770069215,854744997,0,827947,730291,0.882039767765717,99650,https://acfrs-docs.s3.us-east-2.amazonaws.com/acfrs/General%20Purpose/WA/Snohomish%20County/WA%20Snohomish%20County%202020.pdf,-45127557,43474693,4929447,0.2809547212524879,16.42282320992933,0.796311002446555,4.89030742515788,-0.2749243474978025,-211.28371625303944,0.09035381578255672,0.3763320381326882,-0.15410802056251102,-1.4136175596653726,30.742508275623948,7.161432802551062
WI,Wisconsin,44624,55079,2022,"Milwaukee County, WI",General Purpose,2539046000,464179000,2396342000,1171213000,15281000,1037576000,1291235000,-2043169000,939495,936887,0.997230409296969,56417,https://acfrs-docs.s3.us-east-2.amazonaws.com/acfrs/General%20Purpose/WI/Milwaukee%20County/WI%20Milwaukee%20County%202022.pdf,-210520000,231020000,1189697000,1.0595507652914318,WI,44624,2020,General Purpose,2876921000,122753000,1986050000,0,41454000,1044498000,1171061000,0,939495,936887,0.997230409296969,56417,https://acfrs-docs.s3.us-east-2.amazonaws.com/acfrs/General%20Purpose/WI/Milwaukee%20County/WI%20Milwaukee%20County%202020.pdf,3810000,594769000,1415115000,1.4485642355429118,-11.744326660342775,2.7814065644016845,-0.6627106993024401,-0.15929306098797624,-61.158029419825176,0.1026197610542918,0.20658694393393923,-0.268551066432812,-56.25459317585302,49.54785295829532,-37.45420583894903
