state.abb,state.name,id_22,geo_id,year_22,name,category_22,total_liabilities_22,current_liabilities_22,total_assets_22,current_assets_22,compensated_absences_22,expenses_22,revenues_22,unrestricted_22,population_22,median_hh_income_21_22,url_22,modified_revenues_22,net_pension_liability_22,net_opeb_liability_22,assets_liab_ratio_22,name_state,state.abb_20,id_20,year_20,category_20,total_liabilities_20,current_liabilities_20,total_assets_20,current_assets_20,compensated_absences_20,expenses_20,revenues_20,unrestricted_20,population_20,median_hh_income_21_20,url_20,modified_revenues_20,net_pension_liability_20,net_opeb_liability_20,assets_liab_ratio_20,name_state_20,total_liabilities_growth,current_liabilities_growth,expenses_growth,net_opeb_liability_growth,net_pension_liability_growth,revenues_growth,total_assets_growth,assets_liab_ratio_growth,modified_revenues_growth,latitude,longitude,median_hh_income_normalized
AL,Alabama,31569,0137000,2022,"Huntsville, AL",General Purpose,1392121153,101586047,2491943999,541165747,33634200,511722538,628227515,0,215052,70757,https://acfrs-docs.s3.us-east-2.amazonaws.com/acfrs/General%20Purpose/AL/Huntsville/AL%20Huntsville%202022.pdf,14918930,195197117,62796537,0.5586486508359131,"Huntsville, Alabama",AL,31569,2020,General Purpose,1335234757,71574650,2123174696,0,23930976,432807149,444428253,0,215052,70757,https://acfrs-docs.s3.us-east-2.amazonaws.com/acfrs/General%20Purpose/AL/Huntsville/AL%20Huntsville%202020.pdf,-59953546,211600490,66108743,0.6288859600274739,"Huntsville, Alabama",4.260404075146465,0.4193020433910609,18.233383894497546,-0.050102389634000453,-7.7520486838192095,0.4135634059250504,0.17368768744971894,-0.11168528740646773,1.248841494713257,34.729847,-86.5859011,-20.769729083268274
AZ,Arizona,31636,0455000,2022,"Phoenix, AZ",General Purpose,14245771000,1734722000,22002784000,1502403000,175436000,4586960000,5690209000,-1622633000,1608190,68435,https://acfrs-docs.s3.us-east-2.amazonaws.com/acfrs/General%20Purpose/AZ/Phoenix/AZ%20Phoenix%202022.pdf,-631473000,4643155000,101505000,0.6474531132060379,"Phoenix, Arizona",AZ,31636,2020,General Purpose,13930794000,770903000,19151463000,0,168066000,4117422000,4219483000,-2474358000,1608190,68435,https://acfrs-docs.s3.us-east-2.amazonaws.com/acfrs/General%20Purpose/AZ/Phoenix/AZ%20Phoenix%202020.pdf,-668842000,4963845000,144820000,0.7274010345841464,"Phoenix, Arizona",2.26101254530072,1.2502467885064659,11.403689007344887,-0.2990954288081757,-6.460515991131875,0.3485559723786066,0.14888267282765813,-0.10990900146824031,0.05587119229952665,33.4484367,-112.074141,-22.69820440841819
AZ,Arizona,31644,0477000,2022,"Tucson, AZ",General Purpose,3361849981,299609530,5765719483,1804716249,51854178,1294623454,1421464007,0,542656,50306,https://acfrs-docs.s3.us-east-2.amazonaws.com/acfrs/General%20Purpose/AZ/Tucson/AZ%20Tucson%202022.pdf,-172768977,1376887466,187936363,0.5830755365245022,"Tucson, Arizona",AZ,31644,2020,General Purpose,2732347205,229636476,4646345561,0,45516967,1104971593,1303599945,0,542656,50306,https://acfrs-docs.s3.us-east-2.amazonaws.com/acfrs/General%20Purpose/AZ/Tucson/AZ%20Tucson%202020.pdf,-31008124,1365520009,202517172,0.5880637092373164,"Tucson, Arizona",23.038901309762352,0.3047122792460898,17.163505578011723,-0.07199788964068686,0.8324635981222008,0.09041428887142212,0.24091490985855238,-0.008482367870113304,-4.571732653029897,32.2228765,-110.974847,-37.75476305167516
AZ,Arizona,31634,0446000,2022,"Mesa, AZ",General Purpose,4226428000,409619000,5212620000,1558911000,39149000,1240528000,1325532000,0,504300,69266,https://acfrs-docs.s3.us-east-2.amazonaws.com/acfrs/General%20Purpose/AZ/Mesa/AZ%20Mesa%202022.pdf,-324615000,840814000,987614000,0.8108068495305624,"Mesa, Arizona",AZ,31634,2020,General Purpose,3946213000,316334000,4566939000,0,33980000,1072009000,1110314000,-581039000,504300,69266,https://acfrs-docs.s3.us-east-2.amazonaws.com/acfrs/General%20Purpose/AZ/Mesa/AZ%20Mesa%202020.pdf,-278029000,908215779,907417000,0.8640827039730551,"Mesa, Arizona",7.100858468612819,0.2948940044383468,15.71992399317543,0.0883794330500751,-7.421339791543084,0.19383525741366855,0.14138156870499036,-0.061655966723474696,-0.16755806049009275,33.4151005,-111.831455,-22.008039466471768
AZ,Arizona,31633,0412000,2022,"Chandler, AZ",General Purpose,937633085,82806731,2479609065,915513078,14436678,518724748,576771055,0,276010,94613,https://acfrs-docs.s3.us-east-2.amazonaws.com/acfrs/General%20Purpose/AZ/Chandler/AZ%20Chandler%202022.pdf,-24760424,212540490,81921795,0.37813746458456343,"Chandler, Arizona",AZ,31633,2020,General Purpose,993301804,38727213,2430590211,0,15199811,507986971,577349614,0,276010,94613,https://acfrs-docs.s3.us-east-2.amazonaws.com/acfrs/General%20Purpose/AZ/Chandler/AZ%20Chandler%202020.pdf,30635430,293895280,53112727,0.40866691534618377,"Chandler, Arizona",-5.60441134565784,1.1382052718330131,2.113789843637545,0.5424136478625924,-27.68155718594732,-0.0010020947203750966,0.020167469521665083,-0.07470497271783963,-1.8082283813218878,33.3062031,-111.8411851,-0.9567629520123546
AZ,Arizona,44287,0427820,2022,"Glendale, AZ",General Purpose,1604194000,97002000,2551847000,696027000,31565000,523718000,683981000,0,248374,62910,https://acfrs-docs.s3.us-east-2.amazonaws.com/acfrs/General%20Purpose/AZ/Glendale/AZ%20Glendale%202022.pdf,63261000,339191000,-6673000,0.6286403534381175,"Glendale, Arizona",AZ,44287,2020,General Purpose,1364207000,74510000,2171283000,0,34513000,467437000,552856000,0,248374,62910,https://acfrs-docs.s3.us-east-2.amazonaws.com/acfrs/General%20Purpose/AZ/Glendale/AZ%20Glendale%202020.pdf,10909000,379276000,1415000,0.6282953442734088,"Glendale, Arizona",17.591685132828083,0.3018655214065226,12.040339125914294,-5.715901060070672,-10.568820595028422,0.23717749287337028,0.17527148695034225,5.491194035628e-4,4.798973324777706,33.5386858,-112.185994,-27.28684617045662
AZ,Arizona,31637,0465000,2022,"Scottsdale, AZ",General Purpose,1533417000,214160000,7613064000,1158017000,37800000,681369000,958854000,416758000,241339,99097,https://acfrs-docs.s3.us-east-2.amazonaws.com/acfrs/General%20Purpose/AZ/Scottsdale/AZ%20Scottsdale%202022.pdf,63325000,309646000,831000,0.20141916579185462,"Scottsdale, Arizona",AZ,31637,2020,General Purpose,1672194000,105699000,7014292000,0,31911000,645919000,802015000,325693000,241339,99097,https://acfrs-docs.s3.us-east-2.amazonaws.com/acfrs/General%20Purpose/AZ/Scottsdale/AZ%20Scottsdale%202020.pdf,50397000,352019000,2177000,0.2383981163031137,"Scottsdale, Arizona",-8.299096875123341,1.0261308054002403,5.488304261060597,-0.6182820395039045,-12.037134359224929,0.19555619283928605,0.08536456708674232,-0.15511427306850786,0.2565232057463738,33.4942189,-111.926018,2.7673039549524177
CA,California,149487,0644000,2022,"Los Angeles, CA",General Purpose,51289709000,3799884000,87447834000,24517406000,1060408000,16555364000,19952927000,114397000,3898767,70372,https://acfrs-docs.s3.us-east-2.amazonaws.com/acfrs/General%20Purpose/CA/Los%20Angeles/CA%20Los%20Angeles%202022.pdf,-402321000,3580000,387751000,0.5865177746998285,"Los Angeles, California",CA,149487,2020,General Purpose,50943508000,3741504000,72988295000,0,943187000,16549940000,17463553000,-3531929000,3898767,70372,https://acfrs-docs.s3.us-east-2.amazonaws.com/acfrs/General%20Purpose/CA/Los%20Angeles/CA%20Los%20Angeles%202020.pdf,-2827891000,8541000000,2674034000,0.6979681879128702,"Los Angeles, California",0.6795782496957218,0.015603350951916662,0.03277353271371376,-0.8549939903531518,-99.958084533427,0.14254682308920757,0.19810764178009638,-0.15967835661151145,0.8577310794510821,34.0536909,-118.242766,-21.08948059066824
CA,California,44032,0666000,2022,"San Diego, CA",General Purpose,7496904000,825053000,17528167000,3751794000,100273000,3576546000,4030974000,-1938009000,1386960,93042,https://acfrs-docs.s3.us-east-2.amazonaws.com/acfrs/General%20Purpose/CA/San%20Diego/CA%20San%20Diego%202022.pdf,-370625000,2164171000,429719000,0.42770610298270206,"San Diego, California",CA,44032,2020,General Purpose,7466528000,695168000,15727390000,0,91041000,3470006000,3435873000,-1910124000,1386960,93042,https://acfrs-docs.s3.us-east-2.amazonaws.com/acfrs/General%20Purpose/CA/San%20Diego/CA%20San%20Diego%202020.pdf,-729301000,2671000000,462516000,0.47474679524065977,"San Diego, California",0.40682898396684514,0.18683972795065365,3.0703116939855435,-0.07090997933044478,-18.9752527143392,0.17320226911763037,0.11449941789451397,-0.09908585530127008,0.4918079092171819,32.7174202,-117.1627728,-2.261515206883381
CA,California,101868,0668000,2022,"San Jose, CA",General Purpose,6812578000,613669000,11157765000,3369472000,92902000,2816732000,3086802000,-2278855000,1013221,126377,NA,-343599000,2340132000,776346000,0.6105683351459723,"San Jose, California",CA,101868,2020,General Purpose,7622101000,448264000,10853083000,0,93159000,2974619000,2880708000,-2569494000,1013221,126377,NA,-542175000,3383225000,975830000,0.7022982317558983,"San Jose, California",-10.62073304985069,0.3689901486623954,-5.307805806390667,-0.20442495106729655,-30.831322185193123,0.0715428290545241,0.028073313361742465,-0.13061387949188102,0.36625812698851845,37.3361663,-121.890591,25.423982193578397
CA,California,31759,0627000,2022,"Fresno, CA",General Purpose,1588277000,267898000,4869028000,863099000,98003000,927471000,1153001000,0,542252,61250,https://acfrs-docs.s3.us-east-2.amazonaws.com/acfrs/General%20Purpose/CA/Fresno/CA%20Fresno%202022.pdf,-42368000,-805653000,99760000,0.3262000136372188,"Fresno, California",CA,31759,2020,General Purpose,1541934000,207987000,4036592000,0,80002000,802265000,873186000,500142000,542252,61250,https://acfrs-docs.s3.us-east-2.amazonaws.com/acfrs/General%20Purpose/CA/Fresno/CA%20Fresno%202020.pdf,-137066000,-244990000,148672000,0.3819890640421425,"Fresno, California",3.005511260533849,0.288051657074721,15.606563915913071,-0.32899268187688335,-228.85138168904854,0.3204529161026402,0.20622247678239466,-0.1460488156770081,0.6908934381976566,36.7295295,-119.70886126075588,-28.66551500755776
CA,California,42691,0664000,2022,"Sacramento, CA",General Purpose,2743937000,128735000,5596218000,1735512000,57146000,1213239000,1481024000,-138767000,524924,75311,https://acfrs-docs.s3.us-east-2.amazonaws.com/acfrs/General%20Purpose/CA/Sacramento/CA%20Sacramento%202022.pdf,139050000,740591000,196805000,0.4903198910406993,"Sacramento, California",CA,42691,2020,General Purpose,3150700000,246136000,5307633000,0,47131000,1189043000,1344723000,0,524924,75311,https://acfrs-docs.s3.us-east-2.amazonaws.com/acfrs/General%20Purpose/CA/Sacramento/CA%20Sacramento%202020.pdf,-90456000,1046941000,248904000,0.5936167779497942,"Sacramento, California",-12.910242168407022,-0.4769761432703871,2.034913792015932,-0.2093136309581204,-29.2614388012314,0.10135990832312677,0.05437169450110812,-0.17401274820071097,2.5372114619262405,38.5810606,-121.493895,-16.987525538594426
CA,California,31784,0643000,2022,"Long Beach, CA",General Purpose,4933926000,372234000,9852454000,1421222000,227549000,3682388000,2485542000,-267623000,466775,73905,https://acfrs-docs.s3.us-east-2.amazonaws.com/acfrs/General%20Purpose/CA/Long%20Beach/CA%20Long%20Beach%202022.pdf,-1569080000,1305415000,4165000,0.5007814296823918,"Long Beach, California",CA,31784,2020,General Purpose,5018598000,1073425000,11068728000,1743929000,0,1771011000,1908857000,-513529000,466775,73905,https://acfrs-docs.s3.us-east-2.amazonaws.com/acfrs/General%20Purpose/CA/Long%20Beach/CA%20Long%20Beach%202020.pdf,-935579000,1205496000,9655000,0.45340331788801747,"Long Beach, California",-1.687164423211423,-0.6532277522882363,107.92575540185803,-0.5686172967374418,8.28862144710559,0.3021101109197808,-0.1098838095940202,0.1044944091169529,-0.6771218678486798,33.7690164,-118.191604,-18.15524143315117
CA,California,31740,0653000,2022,"Oakland, CA",General Purpose,3521415000,479424000,4340474000,1889103000,58975000,1099623000,1554513000,0,440660,82236,https://acfrs-docs.s3.us-east-2.amazonaws.com/acfrs/General%20Purpose/CA/Oakland/CA%20Oakland%202022.pdf,-24534000,1215883000,617469000,0.8112973375718873,"Oakland, California",CA,31740,2020,General Purpose,3808291000,324048000,3706152000,0,57728000,1099603000,1318041000,0,440660,82236,https://acfrs-docs.s3.us-east-2.amazonaws.com/acfrs/General%20Purpose/CA/Oakland/CA%20Oakland%202020.pdf,-105610000,1717434000,598569000,1.0275593121922684,"Oakland, California",-7.532932751199947,0.4794845208117316,0.0018188382534423788,0.031575307107451274,-29.203509421613873,0.17941171784489254,0.17115380049172296,-0.21046179237964607,0.7676924533661585,37.8044557,-122.271356,-11.236151022374301
CA,California,43912,0603526,2022,"Bakersfield, CA",General Purpose,685488021,118029399,2980754114,688337147,22453669,597392722,678333688,0,404440,66666,https://acfrs-docs.s3.us-east-2.amazonaws.com/acfrs/General%20Purpose/CA/Bakersfield/CA%20Bakersfield%202022.pdf,-37088433,315292536,15586823,0.2299713410711743,"Bakersfield, California",CA,43912,2020,General Purpose,815271946,71337485,2785726117,0,20867857,555563131,595392599,-85669204,404440,66666,https://acfrs-docs.s3.us-east-2.amazonaws.com/acfrs/General%20Purpose/CA/Bakersfield/CA%20Bakersfield%202020.pdf,-31508017,441885448,56993372,0.2926604812385438,"Bakersfield, California",-15.919096153959897,0.6545214482960816,7.5292237130112944,-0.7265151639036203,-28.648355037027606,0.1393048706673628,0.07000975286473218,-0.2142043227089222,-0.17711098734014266,35.3738712,-119.0194639,-24.16740029566633
CA,California,31819,0602000,2022,"Anaheim, CA",General Purpose,3020278000,203874000,5423174000,1199330000,24459000,1190024000,1451581000,0,346825,81747,https://acfrs-docs.s3.us-east-2.amazonaws.com/acfrs/General%20Purpose/CA/Anaheim/CA%20Anaheim%202022.pdf,57683000,510106000,107149000,0.5569207257594907,"Anaheim, California",CA,31819,2020,General Purpose,3138253000,169081000,5052277000,0,24248000,1274296000,1248256000,0,346825,81747,https://acfrs-docs.s3.us-east-2.amazonaws.com/acfrs/General%20Purpose/CA/Anaheim/CA%20Anaheim%202020.pdf,-195121000,790303000,161507000,0.6211561638445398,"Anaheim, California",-3.7592571408360005,0.20577711274477914,-6.613220162348465,-0.3365674552805761,-35.45437635944695,0.16288726030557835,0.07341184974616395,-0.10341270331678722,1.295626816180729,33.8347516,-117.911732,-11.642276962942042
CA,California,31865,0675000,2022,"Stockton, CA",General Purpose,971707056,117723024,2847898754,1003661045,13395107,457492661,674229264,0,320810,69844,https://acfrs-docs.s3.us-east-2.amazonaws.com/acfrs/General%20Purpose/CA/Stockton/CA%20Stockton%202022.pdf,99013579,321906746,0,0.34120140494292306,"Stockton, California",CA,31865,2020,General Purpose,1157881712,53832392,2520974098,0,11960578,474735560,547984345,0,320810,69844,https://acfrs-docs.s3.us-east-2.amazonaws.com/acfrs/General%20Purpose/CA/Stockton/CA%20Stockton%202020.pdf,19416393,536028393,67397341,0.45929932914368243,"Stockton, California",-16.078901158083063,1.18684363867762,-3.6321060507875162,-1,-39.94595245255973,0.23038052118076474,0.12968187823086472,-0.25712627192585086,4.099483668259084,37.9577016,-121.2907796,-21.527996943673905
CA,California,31836,0662000,2022,"Riverside, CA",General Purpose,2363237000,219146000,4873976000,1204842000,41849000,874383000,1046226000,0,315014,76558,https://acfrs-docs.s3.us-east-2.amazonaws.com/acfrs/General%20Purpose/CA/Riverside/CA%20Riverside%202022.pdf,-47303000,-140293000,48770000,0.484868411333991,"Riverside, California",CA,31836,2020,General Purpose,2997462000,113462000,4393462000,0,39333000,930318000,933925000,0,315014,76558,https://acfrs-docs.s3.us-east-2.amazonaws.com/acfrs/General%20Purpose/CA/Riverside/CA%20Riverside%202020.pdf,-109855000,599576000,50004000,0.682255132740422,"Riverside, California",-21.158733621977525,0.9314484144471277,-6.0124602555255295,-0.024678025757939363,-123.39870174923612,0.12024627245228471,0.10937024150886021,-0.2893151138542345,0.5694051249374175,33.7219991,-116.0372472,-15.951862863976878
CA,California,31826,0669000,2022,"Santa Ana, CA",General Purpose,1403334770,243770826,1944848799,644767731,30503911,547814505,657316282,-4768,310555,80265,https://acfrs-docs.s3.us-east-2.amazonaws.com/acfrs/General%20Purpose/CA/Santa%20Ana/CA%20Santa%20Ana%202022.pdf,-134269049,498809640,54557539,0.7215649724140843,"Santa Ana, California",CA,31826,2020,General Purpose,1014020583,110846149,1662491327,0,28343832,526873913,529268827,0,310555,80265,https://acfrs-docs.s3.us-east-2.amazonaws.com/acfrs/General%20Purpose/CA/Santa%20Ana/CA%20Santa%20Ana%202020.pdf,-108451235,666536096,52935451,0.6099403747445835,"Santa Ana, California",38.39312470839658,1.199181732511068,3.974497784634101,0.030642753945744224,-25.163896900191286,0.24193273525251469,0.1698399669305463,0.1830090321799805,-0.2380591977583289,33.7494951,-117.8732213,-12.873112635582942
CA,California,31829,0636770,2022,"Irvine, CA",General Purpose,202113000,117706000,3280729000,1347425000,18488000,393434000,395481000,NA,307665,105774,https://acfrs-docs.s3.us-east-2.amazonaws.com/acfrs/General%20Purpose/CA/Irvine/CA%20Irvine%202022.pdf,-115659000,36051000,8475000,0.061606124736300984,"Irvine, California",CA,31829,2020,General Purpose,247393000,57504000,3254585000,0,17328000,397833000,380188000,0,307665,105774,https://acfrs-docs.s3.us-east-2.amazonaws.com/acfrs/General%20Purpose/CA/Irvine/CA%20Irvine%202020.pdf,-75149000,146569000,8219000,0.07601368530857237,"Irvine, California",-18.30286224751711,1.0469184752365053,-1.1057403483371162,0.031147341525733056,-75.40339362348108,0.04022483613370227,0.008032975018320308,-0.1895390351590622,-0.5390623960398675,33.6856969,-117.8259819,8.312708669003207
CA,California,31856,0613392,2022,"Chula Vista, CA",General Purpose,664878438,97471659,2471990143,645593352,10244609,363028142,485911541,26523054,275500,91949,https://acfrs-docs.s3.us-east-2.amazonaws.com/acfrs/General%20Purpose/CA/Chula%20Vista/CA%20Chula%20Vista%202022.pdf,25411740,-160773888,27450132,0.26896484190390235,"Chula Vista, California",CA,31856,2020,General Purpose,596108688,24799864,2057229974,0,11046493,313016568,390392795,0,275500,91949,https://acfrs-docs.s3.us-east-2.amazonaws.com/acfrs/General%20Purpose/CA/Chula%20Vista/CA%20Chula%20Vista%202020.pdf,52576363,334945720,25079014,0.2897627856553873,"Chula Vista, California",11.536444843763123,2.930330384069848,15.977292933580436,0.09454590200396236,-147.99998280318377,0.2446734346109026,0.20161098867986843,-0.07177575858971692,-0.5166698769178841,32.6400541,-117.0841955,-3.169277278540939
CA,California,96340,0626000,2022,"Fremont, CA",General Purpose,529449234,28292265,1532408403,553543813,15544643,286184199,393897469,0,230493,155968,https://acfrs-docs.s3.us-east-2.amazonaws.com/acfrs/General%20Purpose/CA/Fremont/CA%20Fremont%202022.pdf,79421005,272252574,70589546,0.3455013904671208,"Fremont, California",CA,96340,2020,General Purpose,675792497,30509891,1419486159,0,13385099,350172934,389180841,0,230493,155968,https://acfrs-docs.s3.us-east-2.amazonaws.com/acfrs/General%20Purpose/CA/Fremont/CA%20Fremont%202020.pdf,8498016,390302773,82735272,0.4760824842956429,"Fremont, California",-21.655058860471485,-0.07268547763739962,-18.273466846526752,-0.1468022731586596,-30.245800738904823,0.012119373574199148,0.07955149353449947,-0.274282499642294,8.345829073515512,37.5482697,-121.988571,50
CA,California,31800,0669088,2022,"Santa Clarita, CA",General Purpose,198521702,63054641,1722316670,443048590,4214133,210049560,322328316,0,228679,109336,https://acfrs-docs.s3.us-east-2.amazonaws.com/acfrs/General%20Purpose/CA/Santa%20Clarita/CA%20Santa%20Clarita%202022.pdf,49224115,-432938,-2071568,0.11526434450640254,"Santa Clarita, California",CA,31800,2020,General Purpose,217263369,36580252,1482565883,0,4263235,211788989,255859577,79413132,228679,109336,https://acfrs-docs.s3.us-east-2.amazonaws.com/acfrs/General%20Purpose/CA/Santa%20Clarita/CA%20Santa%20Clarita%202020.pdf,7490336,38909366,16669651,0.14654550701002472,"Santa Clarita, California",-8.626243386661283,0.7237344619714484,-0.8213028487519716,-1.1242718278864987,-101.11268325472074,0.2597860114495538,0.16171341169328662,-0.213456987811181,5.571683166149022,34.4127963,-118.5538088,11.271033004999751
CA,California,31848,0665000,2022,"San Bernardino, CA",General Purpose,660674289,126966481,1227959247,472542195,8951607,263036146,355468331,-144342668,222068,65311,https://acfrs-docs.s3.us-east-2.amazonaws.com/acfrs/General%20Purpose/CA/San%20Bernardino/CA%20San%20Bernardino%202022.pdf,-34534296,326502961,-2546218,0.5380262338624663,"San Bernardino, California",CA,31848,2020,General Purpose,700249533,31349043,1015938297,0,7708701,276848579,260211842,0,222068,65311,https://acfrs-docs.s3.us-east-2.amazonaws.com/acfrs/General%20Purpose/CA/San%20Bernardino/CA%20San%20Bernardino%202020.pdf,-47985780,443384956,13557801,0.6892638411877882,"San Bernardino, California",-5.651591630550934,3.050091130373581,-4.989165214389632,-1.1878046447207773,-26.36129021030655,0.36607284383314115,0.2086947117025553,-0.21941903562603624,0.28032229548003595,34.8253019,-116.0833144,-25.292759497035032
CA,California,31888,0648354,2022,"Modesto, CA",General Purpose,758381147,102228811,2071052008,619560911,11962073,351189192,433850844,-74161219,218467,70469,https://acfrs-docs.s3.us-east-2.amazonaws.com/acfrs/General%20Purpose/CA/Modesto/CA%20Modesto%202022.pdf,-19567159,249803716,29551870,0.3661816043588221,"Modesto, California",CA,31888,2020,General Purpose,910981832,133992675,1908354523,0,11079022,394268352,434550143,0,218467,70469,https://acfrs-docs.s3.us-east-2.amazonaws.com/acfrs/General%20Purpose/CA/Modesto/CA%20Modesto%202020.pdf,-93710884,341835012,26459988,0.477365091769167,"Modesto, California",-16.7512325317153,-0.2370567197050137,-10.92635505271293,0.11685122457349564,-26.922723761251234,-0.0016092481184616708,0.0852553773626055,-0.23291080417775592,0.7911965167247809,37.6390972,-120.9968782,-21.008919821271366
CA,California,31838,0649270,2022,"Moreno Valley, CA",General Purpose,242737682,72758179,1411692734,476584229,6610838,232404427,289901317,0,208640,79840,https://acfrs-docs.s3.us-east-2.amazonaws.com/acfrs/General%20Purpose/CA/Moreno%20Valley/CA%20Moreno%20Valley%202022.pdf,-15261289,54897196,5274815,0.17194795733786075,"Moreno Valley, California",CA,31838,2020,General Purpose,221955207,27193899,1263072982,0,6923677,216161418,214352086,0,208640,79840,https://acfrs-docs.s3.us-east-2.amazonaws.com/acfrs/General%20Purpose/CA/Moreno%20Valley/CA%20Moreno%20Valley%202020.pdf,-29003231,72896273,8175011,0.17572635165431794,"Moreno Valley, California",9.363364473805744,1.6755331774969084,7.514296098853311,-0.35476355933955317,-24.691354247973692,0.3524539108054213,0.11766521342628165,-0.021501580616035864,0.4738072802992191,33.937517,-117.2305944,-13.226085078816666
CA,California,31844,0624680,2022,"Fontana, CA",General Purpose,395286316,105479129,1504151876,636684038,11341105,284804547,309022999,84634011,208387,93851,https://acfrs-docs.s3.us-east-2.amazonaws.com/acfrs/General%20Purpose/CA/Fontana/CA%20Fontana%202022.pdf,-81260677,120846745,68859033,0.2627968108188564,"Fontana, California",CA,31844,2020,General Purpose,346535100,42662860,1316957056,474340928,9727669,278982182,268182993,13533614,208387,93851,https://acfrs-docs.s3.us-east-2.amazonaws.com/acfrs/General%20Purpose/CA/Fontana/CA%20Fontana%202020.pdf,-53462049,161401111,66321967,0.26313318146647297,"Fontana, California",14.068189917846704,1.472387669274868,2.0870024595334193,0.03825378098330527,-25.126447859457425,0.15228410102798726,0.14214193177153986,-0.001278328509319547,-0.5199693711701922,34.0922,-117.435,-1.5896217796455332
CO,Colorado,31999,0816000,2022,"Colorado Springs, CO",General Purpose,3731698820,367653659,8693070234,2105239688,46899000,1538570279,2177472250,0,479016,74579,https://acfrs-docs.s3.us-east-2.amazonaws.com/acfrs/General%20Purpose/CO/Colorado%20Springs/CO%20Colorado%20Springs%202022.pdf,271248312,-23921963,63978000,0.42927282531374517,"Colorado Springs, Colorado",CO,31999,2020,General Purpose,3956973674,291779855,7542959000,0,40877000,1404689849,1409978178,-78682031,479016,74579,https://acfrs-docs.s3.us-east-2.amazonaws.com/acfrs/General%20Purpose/CO/Colorado%20Springs/CO%20Colorado%20Springs%202020.pdf,-286491526,420420899,84007000,0.5245916985628585,"Colorado Springs, Colorado",-5.693109749003602,0.260037842571414,9.530960168560313,-0.23842060780649232,-105.69000329358032,0.5443304612619331,0.1524748091564597,-0.1817010705854543,1.9467934908483122,38.8339578,-104.825348,-17.595468664352275
CO,Colorado,31994,0804000,2022,"Aurora, CO",General Purpose,1259754593,164693658,7963959036,825793572,44788968,779855483,1206132585,484550246,386324,71647,https://acfrs-docs.s3.us-east-2.amazonaws.com/acfrs/General%20Purpose/CO/Aurora/CO%20Aurora%202022.pdf,261583444,-10735712,24874408,0.15818195288366624,"Aurora, Colorado",CO,31994,2020,General Purpose,1061881120,92284768,6863302347,0,41436620,750721333,1158643331,0,386324,71647,https://acfrs-docs.s3.us-east-2.amazonaws.com/acfrs/General%20Purpose/CO/Aurora/CO%20Aurora%202020.pdf,315637230,133663291,19443717,0.15471868589093354,"Aurora, Colorado",18.634239678354955,0.7846245005459622,3.880820847807185,0.2793031291290652,-108.03190757887296,0.04098694803603888,0.1603683814805427,0.022384283920134047,-0.171252884205073,39.7405111,-104.830994,-20.03056326096706
DC,District of Columbia,47298,1150000,2022,District Of Columbia,General Purpose,20257809000,3486272000,28668182000,10082782000,374534000,18212259000,19361982000,0,689546,90088,https://acfrs-docs.s3.us-east-2.amazonaws.com/acfrs/General%20Purpose/DC/District%20of%20Columbia/DC%20District%20of%20Columbia%202022.pdf,-2336549000,36081000,173193000,0.7066304030021855,"District Of Columbia, District of Columbia",DC,47298,2020,General Purpose,17091665000,2362726000,23488607000,0,494687000,16554615000,16397733000,0,689546,90088,https://acfrs-docs.s3.us-east-2.amazonaws.com/acfrs/General%20Purpose/DC/District%20of%20Columbia/DC%20District%20of%20Columbia%202020.pdf,-2519608000,-366934000,-19048000,0.7276576682474188,"District Of Columbia, District of Columbia",18.52449132369491,0.47552953664538333,10.013183634895768,10.092450650986981,109.83310350090207,0.18077187864932304,0.2205143540440691,-0.028897194605092297,0.07265376201377358,38.8951,-77.0364,-4.714881318206729
FL,Florida,398462,1245000,2022,"Miami, FL",General Purpose,3111775783,228491399,2299105624,954865872,93646983,1213665001,1227856410,-2007581280,442260,48789,https://acfrs-docs.s3.us-east-2.amazonaws.com/acfrs/General%20Purpose/FL/Miami/FL%20Miami%202022.pdf,-214299990,1301418710,777314329,1.35347230267138,"Miami, Florida",FL,398462,2020,General Purpose,2854317892,127908952,1816112772,0,74312829,1095966163,1024569536,0,442260,48789,https://acfrs-docs.s3.us-east-2.amazonaws.com/acfrs/General%20Purpose/FL/Miami/FL%20Miami%202020.pdf,-199305579,994144647,867949431,1.5716633548348835,"Miami, Florida",9.01994454512567,0.7863597146820498,10.739276628561388,-0.10442440396046529,30.908385809575257,0.1984119836254823,0.2659487116915667,-0.13882810939905535,-0.07523327282273418,25.7741728,-80.19362,-39.014667043170604
FL,Florida,32297,1271000,2022,"Tampa, FL",General Purpose,2035173450,213067690,4703523089,1095673697,71042984,1072267048,1151864558,733141002,384661,63404,https://acfrs-docs.s3.us-east-2.amazonaws.com/acfrs/General%20Purpose/FL/Tampa/FL%20Tampa%202022.pdf,-133470180,139826968,70312514,0.4326912851261651,"Tampa, Florida",FL,32297,2020,General Purpose,1547995667,109988927,3854320368,0,66834663,922750269,992365061,346907497,384661,63404,https://acfrs-docs.s3.us-east-2.amazonaws.com/acfrs/General%20Purpose/FL/Tampa/FL%20Tampa%202020.pdf,-40374135,201706974,135123704,0.4016261024516891,"Tampa, Florida",31.47152110213239,0.937174002979409,16.203385035263533,-0.47964337922530603,-30.67816881730624,0.16072663505431495,0.22032489256741514,0.07734851516084609,-2.3058337968107554,27.9477595,-82.458444,-26.876567612909653
FL,Florida,148141,1253000,2022,"Orlando, FL",General Purpose,1568238037,123244285,4024570050,1212904519,48229362,978184721,1158430180,163063073,307683,54167,https://acfrs-docs.s3.us-east-2.amazonaws.com/acfrs/General%20Purpose/FL/Orlando/FL%20Orlando%202022.pdf,57001174,130635034,271036950,0.3896659810903279,"Orlando, Florida",FL,148141,2020,General Purpose,2034575660,318979012,3976993232,0,48675638,905574887,1079325407,50727208,307683,54167,https://acfrs-docs.s3.us-east-2.amazonaws.com/acfrs/General%20Purpose/FL/Orlando/FL%20Orlando%202020.pdf,-145228492,289467567,350601860,0.5115864024180969,"Orlando, Florida",-22.920633140770004,-0.6136288584403792,8.018092710205645,-0.22693807157782905,-54.870580025982676,0.0732909394024855,0.011963012060765811,-0.2383183383129266,1.3924930515700735,28.5421109,-81.3790304,-34.548112220321244
FL,Florida,32314,1263000,2022,"St Petersburg, FL",General Purpose,1372623906,120618798,2812396661,339599380,31840000,625436126,709178492,0,258356,64141,https://acfrs-docs.s3.us-east-2.amazonaws.com/acfrs/General%20Purpose/FL/St.%20Petersburg/FL%20St.%20Petersburg%202022.pdf,-36876432,-41235204,261024918,0.4880619882089954,"St Petersburg, Florida",FL,32314,2020,General Purpose,1355292248,74380972,2532474006,0,32443000,606737722,662235246,275918144,258356,64141,https://acfrs-docs.s3.us-east-2.amazonaws.com/acfrs/General%20Purpose/FL/St.%20Petersburg/FL%20St.%20Petersburg%202020.pdf,-18883448,85462307,224027878,0.5351653145457794,"St Petersburg, Florida",1.278813335321313,0.6216351407722932,3.0817935529645544,0.1651448039872966,-148.24957978258183,0.07088605791302144,0.11053327865826079,-0.08801640363550636,-0.9528442051472803,27.7700475,-82.6359078,-26.26447187017258
FL,Florida,96403,1230000,2022,"Hialeah, FL",General Purpose,938926163,152072925,735299031,270897932,34892565,306166456,359510455,0,223123,46674,https://acfrs-docs.s3.us-east-2.amazonaws.com/acfrs/General%20Purpose/FL/Hialeah/FL%20Hialeah%202022.pdf,-98728926,207569680,360568124,1.2769310490224215,"Hialeah, Florida",FL,96403,2020,General Purpose,1038077167,66240270,663204405,0,32843878,355212156,330547538,-634588753,223123,46674,https://acfrs-docs.s3.us-east-2.amazonaws.com/acfrs/General%20Purpose/FL/Hialeah/FL%20Hialeah%202020.pdf,-90904888,299598953,441473906,1.565244680484292,"Hialeah, Florida",-9.551409774915125,1.2957775534429434,-13.807438504441272,-0.18326288575705763,-30.717488188284825,0.08762103380119564,0.10870649449320229,-0.1841971642239764,-0.08606839711413539,25.8575963,-80.2781057,-40.771224025380796
GA,Georgia,42897,1304000,2022,"Atlanta, GA",General Purpose,10576224000,543848000,19645055000,4166560000,35238000,2145173000,2842599000,-448596000,498722,74107,https://acfrs-docs.s3.us-east-2.amazonaws.com/acfrs/General%20Purpose/GA/Atlanta/GA%20Atlanta%202022.pdf,153578000,619780000,884365000,0.5383657108620974,"Atlanta, Georgia",GA,42897,2020,General Purpose,10846929000,510812000,18694499000,0,24678000,2042726000,2620248000,0,498722,74107,https://acfrs-docs.s3.us-east-2.amazonaws.com/acfrs/General%20Purpose/GA/Atlanta/GA%20Atlanta%202020.pdf,66710000,1114364000,992098000,0.5802203632202179,"Atlanta, Georgia",-2.495683340418288,0.06467350023100475,5.015210067331595,-0.10859108676763787,-44.38262542580342,0.08485876146074722,0.05084682932663775,-0.07213578669632952,1.3021735871683406,33.7489924,-84.3902644,-17.98747570719067
ID,Idaho,32682,1608830,2022,"Boise, ID",General Purpose,472982000,130517000,1862908000,415084000,9290000,460846000,522556000,247179000,235712,70217,https://acfrs-docs.s3.us-east-2.amazonaws.com/acfrs/General%20Purpose/ID/Boise/ID%20Boise%202022.pdf,-68807000,63498000,12226000,0.2538944488938799,"Boise, Idaho",ID,32682,2020,General Purpose,224761000,52760000,1432669000,0,8684000,392568000,479054000,318371000,235712,70217,https://acfrs-docs.s3.us-east-2.amazonaws.com/acfrs/General%20Purpose/ID/Boise/ID%20Boise%202020.pdf,33726000,28591000,15136000,0.15688271331340317,"Boise, Idaho",110.43775388078893,1.473786959818044,17.392655539931937,-0.1922568710359408,122.09086775558742,0.09080813436481065,0.300305932493828,0.6183710973093465,-3.04017671825891,43.6166163,-116.200886,-21.218211717024065
IL,Illinois,32795,1714000,2022,"Chicago, IL",General Purpose,73965305000,6226434000,47416591000,10226806000,0,13358525000,12848126000,-36547853000,2746352,66576,https://acfrs-docs.s3.us-east-2.amazonaws.com/acfrs/General%20Purpose/IL/Chicago/IL%20Chicago%202022.pdf,-6736833000,35436606000,1835039000,1.5599034734487767,"Chicago, Illinois",IL,32795,2020,General Purpose,69251891000,4835603000,42486362000,0,0,10177766000,11215375000,-37392192000,2746352,66576,https://acfrs-docs.s3.us-east-2.amazonaws.com/acfrs/General%20Purpose/IL/Chicago/IL%20Chicago%202020.pdf,-3797994000,32958251000,1963340000,1.6299793095958652,"Chicago, Illinois",6.806188151598633,0.2876230741026507,31.2520350733157,-0.06534833498018683,7.519679973309263,0.14558148969606455,0.1160426256312555,-0.042991856236790554,-0.7737871623809832,41.8755616,-87.6244212,-24.242147401292296
IN,Indiana,33221,1825000,2022,"Fort Wayne, IN",General Purpose,1658417371,112730310,3256642544,384410038,19998425,418294937,604024919,291427659,263914,54737,https://acfrs-docs.s3.us-east-2.amazonaws.com/acfrs/General%20Purpose/IN/Fort%20Wayne/IN%20Fort%20Wayne%202022.pdf,72999672,219498841,151689246,0.5092414499268422,"Fort Wayne, Indiana",IN,33221,2020,General Purpose,1390532275,51344214,2686383409,0,18194635,509591066,573922167,0,263914,54737,https://acfrs-docs.s3.us-east-2.amazonaws.com/acfrs/General%20Purpose/IN/Fort%20Wayne/IN%20Fort%20Wayne%202020.pdf,12986887,237996172,167460423,0.5176224176866929,"Fort Wayne, Indiana",19.264931912493726,1.195579622662059,-17.91556702840626,-0.09417853315705527,-7.772112822049928,0.052450931033650075,0.21227764178765443,-0.01619127664003841,4.621029273604983,41.0799898,-85.1386015,-34.07471388469013
IA,Iowa,71073,1921000,2022,"Des Moines, IA",General Purpose,993840693,135295458,2525762509,697972228,0,447465339,547257870,NA,214125,60693,https://acfrs-docs.s3.us-east-2.amazonaws.com/acfrs/General%20Purpose/IA/Des%20Moines/IA%20Des%20Moines%202022.pdf,-35502927,42649067,27681903,0.3934814494469163,"Des Moines, Iowa",IA,71073,2020,General Purpose,866817685,41591897,2085868785,0,0,436787680,508221864,0,214125,60693,https://acfrs-docs.s3.us-east-2.amazonaws.com/acfrs/General%20Purpose/IA/Des%20Moines/IA%20Des%20Moines%202020.pdf,29842287,177894533,22869853,0.4155667370994288,"Des Moines, Iowa",14.653947444554042,2.252928280717756,2.4445879517480895,0.21041018497145567,-76.02564492524343,0.07680898592745314,0.21089232801381608,-0.05314498414060593,-2.189685194033554,41.5910323,-93.6046655,-29.128116539042907
KS,Kansas,33468,2079000,2022,"Wichita, KS",General Purpose,1642844484,151871867,4583441695,1089101061,14464000,613313810,742562142,219213523,397547,56293,https://acfrs-docs.s3.us-east-2.amazonaws.com/acfrs/General%20Purpose/KS/Wichita/KS%20Wichita%202022.pdf,-22623535,-49328335,35568000,0.35843032230390354,"Wichita, Kansas",KS,33468,2020,General Purpose,1466116636,64834687,3998755369,0,15075000,598342655,672981776,38275420,397547,56293,https://acfrs-docs.s3.us-east-2.amazonaws.com/acfrs/General%20Purpose/KS/Wichita/KS%20Wichita%202020.pdf,9804434,99941000,42211000,0.3666432428865093,"Wichita, Kansas",12.054146557000122,1.3424477548569025,2.5021039156902494,-0.157376039421004,-149.3574558989804,0.10339115928749905,0.14621707807702602,-0.022400305315726166,-3.307479962637313,37.6922361,-97.3375448,-32.78241948075677
LA,Louisiana,1266697,2255000,2022,"New Orleans, LA",General Purpose,2749724000,217484000,3442624000,585662000,58388000,1101042000,1400407000,-806803000,383998,46942,NA,81881000,1008184000,137415000,0.7987291089587477,"New Orleans, Louisiana",LA,1266697,2020,General Purpose,2445685000,181362000,2456981000,0,55269000,996063000,1111062000,0,383998,46942,NA,-66363000,968753000,173245000,0.9954024878499264,"New Orleans, Louisiana",12.431650028519616,0.19917071933481104,10.539393592573964,-0.20681693555369562,4.070284169442572,0.26042201065287085,0.40116020433206445,-0.19758176344926964,2.233835118966894,29.9759983,-90.0782127,-40.548643755294584
MD,Maryland,33980,2404000,2022,"Baltimore, MD",General Purpose,8977765000,1408246000,13500418000,2830018000,196152000,2753576000,3383352000,-2687605000,585693,54652,https://acfrs-docs.s3.us-east-2.amazonaws.com/acfrs/General%20Purpose/MD/Baltimore/MD%20Baltimore%202022.pdf,-778470000,1271476000,102595000,0.6649990392890057,"Baltimore, Maryland",MD,33980,2020,General Purpose,9195780000,821471000,12011660000,0,175875000,3308251000,3193101000,-3601140000,585693,54652,https://acfrs-docs.s3.us-east-2.amazonaws.com/acfrs/General%20Purpose/MD/Baltimore/MD%20Baltimore%202020.pdf,-936621000,1866590000,1245666000,0.7655711200616734,"Baltimore, Maryland",-2.3708157437433255,0.7142978875699811,-16.76641222204724,-0.9176384359852481,-31.882416599253183,0.05958189233600816,0.12394273564186799,-0.13136869735180934,0.16885271630680926,39.2908816,-76.610759,-34.145308373336874
MA,Massachusetts,34032,2507000,2022,"Boston, MA",General Purpose,6757265000,722188000,5889749000,3131468000,247599000,4327037000,4587924000,-2035104000,675632,79283,https://acfrs-docs.s3.us-east-2.amazonaws.com/acfrs/General%20Purpose/MA/Boston/MA%20Boston%202022.pdf,-461301000,1080235000,2310198000,1.1472925246899317,"Boston, Massachusetts",MA,34032,2020,General Purpose,6518670000,591067000,4815378000,0,250008000,3645402000,4259188000,0,675632,79283,https://acfrs-docs.s3.us-east-2.amazonaws.com/acfrs/General%20Purpose/MA/Boston/MA%20Boston%202020.pdf,22719000,1754871000,2273281000,1.3537192718827058,"Boston, Massachusetts",3.6601791469732325,0.22183779503846435,18.698486476937248,0.016239523402518212,-38.443623491413334,0.07718278695375738,0.2231124950107759,-0.1524885930785952,-21.304634887098903,42.3554334,-71.060511,-13.688686610301815
MA,Massachusetts,41676,2582000,2022,"Worcester, MA",General Purpose,2862948436,260350566,2228664696,577679152,16208000,1096039963,1134093613,0,206519,63194,https://acfrs-docs.s3.us-east-2.amazonaws.com/acfrs/General%20Purpose/MA/Worcester/MA%20Worcester%202022.pdf,-222296916,290088897,1225410090,1.2846025878807208,"Worcester, Massachusetts",MA,41676,2020,General Purpose,2557768732,117944563,1683548000,0,16738000,1047374002,1014615416,0,206519,63194,https://acfrs-docs.s3.us-east-2.amazonaws.com/acfrs/General%20Purpose/MA/Worcester/MA%20Worcester%202020.pdf,-150703149,480989646,1026328269,1.5192728285739403,"Worcester, Massachusetts",11.931481536306466,1.2073977755125516,4.646474030009387,0.19397480027903236,-39.68915975376318,0.11775712759325943,0.3237904093022593,-0.1544622113155883,-0.47506483756354684,42.2626,-71.8023,-27.05097752603691
MI,Michigan,34317,2622000,2022,"Detroit, MI",General Purpose,6229907262,1297607679,7379151573,2479738692,101424110,2378614300,2402183395,0,639115,36140,https://acfrs-docs.s3.us-east-2.amazonaws.com/acfrs/General%20Purpose/MI/Detroit/MI%20Detroit%202022.pdf,-1274038584,1591447038,1476914,0.8442579340414912,"Detroit, Michigan",MI,34317,2020,General Purpose,5377049394,466040162,6069108155,0,98596755,2182546082,2155139212,0,639115,36140,https://acfrs-docs.s3.us-east-2.amazonaws.com/acfrs/General%20Purpose/MI/Detroit/MI%20Detroit%202020.pdf,-493447032,1755415391,445447,0.8859702705363964,"Detroit, Michigan",15.861075573374212,1.784325868893677,8.983462920532277,2.3155773863108293,-9.340715242709182,0.11463026686370736,0.21585435364514444,-0.04708096635076839,-1.581915588459756,42.3315509,-83.046640300000007,-49.519957477202134
MN,Minnesota,1036390,2743000,2022,"Minneapolis, MN",General Purpose,2301573000,279833000,4720233000,1483339000,49775000,1116621000,1296545000,-15034,429985,69397,https://acfrs-docs.s3.us-east-2.amazonaws.com/acfrs/General%20Purpose/MN/Minneapolis/MN%20Minneapolis%202022.pdf,-99909000,872688000,48422000,0.4875973283522233,"Minneapolis, Minnesota",MN,1036390,2020,General Purpose,1730749000,103434000,4284535000,0,47724000,1080192000,1147425000,0,429985,69397,https://acfrs-docs.s3.us-east-2.amazonaws.com/acfrs/General%20Purpose/MN/Minneapolis/MN%20Minneapolis%202020.pdf,-36201000,528974000,41281000,0.4039525876203602,"Minneapolis, Minnesota",32.98132773729755,1.70542568207746,3.3724560078208317,0.17298515055352343,64.97748471569491,0.129960563871277,0.10169084859850602,0.20706573814665974,-1.7598408883732493,44.9772995,-93.2654692,-21.899240901616196
MN,Minnesota,101973,2758000,2022,"Saint Paul, MN",General Purpose,1560656321,187466531,2744155395,665972705,22505780,725291989,735434367,NA,311518,66098,https://acfrs-docs.s3.us-east-2.amazonaws.com/acfrs/General%20Purpose/MN/Saint%20Paul/MN%20Saint%20Paul%202022.pdf,-177324153,505862331,206080831,0.5687200964798133,"Saint Paul, Minnesota",MN,101973,2020,General Purpose,1199914233,57593330,2475155703,0,21215650,650396168,703359545,0,311518,66098,https://acfrs-docs.s3.us-east-2.amazonaws.com/acfrs/General%20Purpose/MN/Saint%20Paul/MN%20Saint%20Paul%202020.pdf,-4629953,214764491,267232002,0.4847833336487276,"Saint Paul, Minnesota",30.06398941515014,2.255004199270992,11.515415478278156,-0.22883176618944015,135.5428165264061,0.04560231282565448,0.10867990715653172,0.17314283929551494,-37.29934191556588,44.9537,-93.0892,-24.639137584505754
MO,Missouri,43771,2938000,2022,"Kansas City, MO",General Purpose,5913070000,490036000,11041492000,1783940000,48441000,2045381000,2304874000,-243834000,507971,63396,https://acfrs-docs.s3.us-east-2.amazonaws.com/acfrs/General%20Purpose/MO/Kansas%20City/MO%20Kansas%20City%202022.pdf,-230543000,650718000,108427000,0.5355317922614081,"Kansas City, Missouri",MO,43771,2020,General Purpose,5330276000,428601000,9992759000,0,49670000,1960825000,1917677000,0,507971,63396,https://acfrs-docs.s3.us-east-2.amazonaws.com/acfrs/General%20Purpose/MO/Kansas%20City/MO%20Kansas%20City%202020.pdf,-471749000,870059000,115354000,0.5334138449651392,"Kansas City, Missouri",10.933655217853634,0.14333844298076767,4.3122665204697,-0.06004993324895539,-25.209899558535685,0.20190939350057388,0.10494929378362873,0.003970551788747298,0.5113015607876222,39.100105,-94.5781416,-26.88321180007641
MO,Missouri,44598,2965000,2022,"St Louis, MO",General Purpose,3354252000,792369000,4343883000,1837597000,49315000,1054572000,1232944000,-1278104000,301574,49965,https://acfrs-docs.s3.us-east-2.amazonaws.com/acfrs/General%20Purpose/MO/St.%20Louis/MO%20St.%20Louis%202022.pdf,-613997000,326508000,441033000,0.7721782561823143,"St Louis, Missouri",MO,44598,2020,General Purpose,3262271000,289003000,3570184000,0,60410000,1117833000,1137784000,0,301574,49965,https://acfrs-docs.s3.us-east-2.amazonaws.com/acfrs/General%20Purpose/MO/St.%20Louis/MO%20St.%20Louis%202020.pdf,-269052000,572126000,629014000,0.9137543051002414,"St Louis, Missouri",2.819538904033417,1.7417327847807809,-5.659253215820252,-0.2988502640640749,-42.93075301594404,0.08363626136419566,0.21671123953275237,-0.15493885843021643,-1.2820755839019966,38.6280278,-90.1910154,-38.037971529657995
NE,Nebraska,35443,3137000,2022,"Omaha, NE",General Purpose,3372148632,207219201,4132163870,739301440,90377835,931958486,1218859384,0,491743,62948,https://acfrs-docs.s3.us-east-2.amazonaws.com/acfrs/General%20Purpose/NE/Omaha/NE%20Omaha%202022.pdf,79681697,975536427,505771438,0.8160733064054403,"Omaha, Nebraska",NE,35443,2020,General Purpose,3055956416,83975087,3342876261,0,93007157,779610291,945243629,0,491743,62948,https://acfrs-docs.s3.us-east-2.amazonaws.com/acfrs/General%20Purpose/NE/Omaha/NE%20Omaha%202020.pdf,81658251,967110658,491560909,0.914169768008652,"Omaha, Nebraska",10.346751489796116,1.4676271070728393,19.54158337296756,0.02890898918083008,0.871231118207778,0.28946585473362657,0.2361103275668031,-0.10730661309977088,-0.024205196361602208,41.2587459,-95.9383758,-27.25528628141455
NE,Nebraska,35447,3128000,2022,"Lincoln, NE",General Purpose,1675570342,183298989,4363556432,282166441,36396000,859544947,1028904565,409537404,291105,62294,https://acfrs-docs.s3.us-east-2.amazonaws.com/acfrs/General%20Purpose/NE/Lincoln/NE%20Lincoln%202022.pdf,-13939371,74246000,28734000,0.3839919038773646,"Lincoln, Nebraska",NE,35447,2020,General Purpose,1682625102,173650869,3971024659,0,31729000,763956441,878865771,0,291105,62294,https://acfrs-docs.s3.us-east-2.amazonaws.com/acfrs/General%20Purpose/NE/Lincoln/NE%20Lincoln%202020.pdf,-58741539,75894676,20079000,0.4237256744771073,"Lincoln, Nebraska",-0.4192710539985751,0.05556044755526101,12.512297936107068,0.4310473629164799,-2.1723210202518026,0.17071866825497292,0.09884898904124383,-0.09377239330322762,0.7626999353898439,40.8088861,-96.7077751,-27.798448582296565
NV,Nevada,35519,3240000,2022,"Las Vegas, NV",General Purpose,1569744421,205304722,6462778877,1313429403,49788130,807790806,1237013085,93097178,644866,59746,https://acfrs-docs.s3.us-east-2.amazonaws.com/acfrs/General%20Purpose/NV/Las%20Vegas/NV%20Las%20Vegas%202022.pdf,223917557,565585141,53751119,0.24289000921669626,"Las Vegas, Nevada",NV,35519,2020,General Purpose,1814290240,97549812,5911170390,0,48860079,958211865,1224995479,0,644866,59746,https://acfrs-docs.s3.us-east-2.amazonaws.com/acfrs/General%20Purpose/NV/Las%20Vegas/NV%20Las%20Vegas%202020.pdf,169233802,878316585,55107913,0.30692572203116614,"Las Vegas, Nevada",-13.478869786567335,1.104614225191946,-15.698100231726936,-0.024620674711452056,-35.60577693064967,0.00981032681835718,0.09331628943282753,-0.2086358627445617,0.323125488842944,36.1672559,-115.148516,-29.91462219490723
NV,Nevada,35518,3231900,2022,"Henderson, NV",General Purpose,951986142,114953208,4026896704,994401878,49694528,538068636,825209974,0,317310,77924,https://acfrs-docs.s3.us-east-2.amazonaws.com/acfrs/General%20Purpose/NV/Henderson/NV%20Henderson%202022.pdf,172188130,276482252,69332241,0.23640689393755057,"Henderson, Nevada",NV,35518,2020,General Purpose,1048710549,67676930,3585036318,0,50511244,573522707,586622261,555502066,317310,77924,https://acfrs-docs.s3.us-east-2.amazonaws.com/acfrs/General%20Purpose/NV/Henderson/NV%20Henderson%202020.pdf,-54577376,411959319,85625605,0.29252438635964745,"Henderson, Nevada",-9.223174792342057,0.6985582531595331,-6.18180772396166,-0.19028611827034683,-32.886030428650166,0.40671438651728903,0.12325129979338748,-0.19183868094027068,4.154936030636577,36.0301134,-114.9826194,-14.817367905253889
NV,Nevada,35523,3260600,2022,"Reno, NV",General Purpose,1014653647,96793065,2064136787,554836809,29721593,379807610,447079345,0,264147,67478,https://acfrs-docs.s3.us-east-2.amazonaws.com/acfrs/General%20Purpose/NV/Reno/NV%20Reno%202022.pdf,-29521330,173851338,133546458,0.4915631819510807,"Reno, Nevada",NV,35523,2020,General Purpose,1064576354,41238414,1857669187,0,25389581,365774923,478643006,318132905,264147,67478,https://acfrs-docs.s3.us-east-2.amazonaws.com/acfrs/General%20Purpose/NV/Reno/NV%20Reno%202020.pdf,71629669,249852734,168272737,0.5730710082558956,"Reno, Nevada",-4.689443534268093,1.3471577980666278,3.836426752525077,-0.20636901508293645,-30.41847682963517,-0.06594405559955054,0.11114336257761269,-0.14222988971799277,-1.4121382998433234,39.5261206,-119.8126581,-23.493015298240948
NV,Nevada,35520,3251800,2022,"North Las Vegas, NV",General Purpose,773407052,78396333,2751902517,960912870,43614126,416998398,605379828,0,259520,67035,https://acfrs-docs.s3.us-east-2.amazonaws.com/acfrs/General%20Purpose/NV/North%20Las%20Vegas/NV%20North%20Las%20Vegas%202022.pdf,109985097,149081779,86225700,0.28104449457138964,"North Las Vegas, Nevada",NV,35520,2020,General Purpose,756950708,36924302,2374684619,0,39763823,388962525,492604694,522549050,259520,67035,https://acfrs-docs.s3.us-east-2.amazonaws.com/acfrs/General%20Purpose/NV/North%20Las%20Vegas/NV%20North%20Las%20Vegas%202020.pdf,66717867,218565388,43455396,0.3187584161465443,"North Las Vegas, Nevada",2.174031125947504,1.1231635739519192,7.207859677484355,0.9842345930986338,-31.79076505928743,0.2289363771267677,0.15884968259863058,-0.11831506139061843,0.6485103907773311,36.2005843,-115.121584,-23.86093716259987
NJ,New Jersey,35652,3451000,2022,"Newark, NJ",General Purpose,679071853,NA,679071853,679071853,NA,1020753231,1088554085,NA,311552,43242,https://acfrs-docs.s3.us-east-2.amazonaws.com/acfrs/General%20Purpose/NJ/Newark/NJ%20Newark%202022.pdf,NA,NA,NA,1,"Newark, New Jersey",NJ,35652,2020,General Purpose,538595469,0,538595469,538595469,0,946576141,946576141,NA,311552,43242,https://acfrs-docs.s3.us-east-2.amazonaws.com/acfrs/General%20Purpose/NJ/Newark/NJ%20Newark%202020.pdf,0,0,0,1,"Newark, New Jersey",26.081983990845643,NA,7.83635745579182,NA,NA,0.1499910444076997,0.2608198399084564,0,NA,40.735657,-74.1723667,-43.62158031991761
NJ,New Jersey,108025,3436000,2022,"Jersey City, NJ",General Purpose,254536148,254536148,1542676986,0,209241315,1296820965,1368636430,0,292754,81958,https://acfrs-docs.s3.us-east-2.amazonaws.com/acfrs/General%20Purpose/NJ/Jersey%20City/NJ%20Jersey%20City%202022.pdf,-182720683,60959025,1418603618,0.16499639931751728,"Jersey City, New Jersey",NJ,108025,2020,General Purpose,61264484,61264484,211996582,0,0,1036561603,1049105487,0,292754,81958,https://acfrs-docs.s3.us-east-2.amazonaws.com/acfrs/General%20Purpose/NJ/Jersey%20City/NJ%20Jersey%20City%202020.pdf,-48720600,1081996047,1081996047,0.2889880743454628,"Jersey City, New Jersey",315.47097336198897,3.1547097336198897,25.1079493246481,0.3110987068144067,-94.36605843718023,0.3045746561804037,6.27689555862745,-0.42905464285603395,-2.7503783409892324,40.7215682,-74.047455,-11.467036526418951
NM,New Mexico,35917,3502000,2022,"Albuquerque, NM",General Purpose,2129715209,222446271,5873656078,1140651564,53682260,1169378012,1248211437,0,564581,58512,https://acfrs-docs.s3.us-east-2.amazonaws.com/acfrs/General%20Purpose/NM/Albuquerque/NM%20Albuquerque%202022.pdf,-143612846,576889743,257870420,0.36258765932464593,"Albuquerque, New Mexico",NM,35917,2020,General Purpose,2308654159,201164074,5617109467,0,47498529,1083142461,1120158995,0,564581,58512,https://acfrs-docs.s3.us-east-2.amazonaws.com/acfrs/General%20Purpose/NM/Albuquerque/NM%20Albuquerque%202020.pdf,-164147540,773785015,256989344,0.4110039465250108,"Albuquerque, New Mexico",-7.750790619826224,0.10579521768882053,7.96160746208619,0.0034284534381316604,-25.445733399218128,0.11431630917716283,0.04567235381599516,-0.11780005425670192,0.12509900544351746,35.0841034,-106.650985,-30.9394880653788
NY,New York,122258,3651000,2022,"New York, NY",General Purpose,304335832000,37979586000,144972722000,58221773000,6135102000,97409580000,107534861000,-186265578000,8804194,67997,https://acfrs-docs.s3.us-east-2.amazonaws.com/acfrs/General%20Purpose/NY/New%20York/NY%20New%20York%202022.pdf,-27854305000,42349466000,89525858000,2.0992627288877146,"New York, New York",NY,122258,2020,General Purpose,305300557000,30607669000,115820000000,0,5693120000,99906460000,95921699000,-197538799000,8804194,67997,https://acfrs-docs.s3.us-east-2.amazonaws.com/acfrs/General%20Purpose/NY/New%20York/NY%20New%20York%202020.pdf,-34592430000,46376874000,109456918000,2.635991685373856,"New York, New York",-0.31599188991980776,0.24085195772340587,-2.499217768300468,-0.18209045498613435,-8.68408681447568,0.12106918581581838,0.25170714902434815,-0.20361557263790026,0.1947861136092492,40.7127281,-74.0060152,-23.061973655797885
NY,New York,149470,3611000,2022,"Buffalo, NY",General Purpose,2397811958,692117144,1765148207,931323582,31714760,597406090,687523777,-1310999804,278301,40669,NA,-601999457,292424,1312274426,1.3584196207950485,"Buffalo, New York",NY,149470,2020,General Purpose,2227222037,334346029,1296635901,0,25739773,595949700,571727657,0,278301,40669,NA,-358568072,254162180,1228417474,1.7176927117954295,"Buffalo, New York",7.659313627741373,1.0700624023263037,0.24438136305798963,0.06826421292017537,-99.8849459034385,0.20253720207906611,0.36132911763330855,-0.20916028142475404,-0.6788986639055805,42.8867166,-78.8783922,-45.75851701742438
NY,New York,36072,3684000,2022,"Yonkers, NY",General Purpose,3847030036,256605370,1911381786,492644182,47211780,1230146156,1429178934,0,211585,66395,https://acfrs-docs.s3.us-east-2.amazonaws.com/acfrs/General%20Purpose/NY/Yonkers/NY%20Yonkers%202022.pdf,-57572592,-280479817,2595913992,2.0126957702421047,"Yonkers, New York",NY,36072,2020,General Purpose,4915299122,311457350,1292619465,0,52157737,1422708718,1249122727,-3348663416,211585,66395,https://acfrs-docs.s3.us-east-2.amazonaws.com/acfrs/General%20Purpose/NY/Yonkers/NY%20Yonkers%202020.pdf,-485043341,389825681,3452182595,3.8025878884625954,"Yonkers, New York",-21.733551905694174,-0.17611393662727817,-13.534925284685013,-0.24803688085334316,-171.95006144297608,0.14414613000632723,0.47868869203513037,-0.470703681472081,0.8813042317387468,40.9312099,-73.8987469,-24.392472135940068
NY,New York,36037,3663000,2022,"Rochester, NY",General Purpose,1830117000,386083000,1767300000,744293000,0,788074000,833955000,0,211321,41980,https://acfrs-docs.s3.us-east-2.amazonaws.com/acfrs/General%20Purpose/NY/Rochester/NY%20Rochester%202022.pdf,-340202000,-6861000,1147549000,1.0355440502461382,"Rochester, New York",NY,36037,2020,General Purpose,2283161000,192893000,1501004000,0,0,834480000,717737000,0,211321,41980,https://acfrs-docs.s3.us-east-2.amazonaws.com/acfrs/General%20Purpose/NY/Rochester/NY%20Rochester%202020.pdf,-309636000,254732000,1477364000,1.5210892176170083,"Rochester, New York",-19.842840693231885,1.0015397137272997,-5.56106797047263,-0.22324559147237918,-102.69341896581506,0.16192282131198477,0.17741191895557906,-0.31920886805807636,-0.09871591158650803,43.157285,-77.615214,-44.66970084547282
NC,North Carolina,36713,3712000,2022,"Charlotte, NC",General Purpose,6901313000,683951000,19699128000,3335632000,90951000,2154485000,2673738000,0,874607,70869,https://acfrs-docs.s3.us-east-2.amazonaws.com/acfrs/General%20Purpose/NC/Charlotte/NC%20Charlotte%202022.pdf,-164698000,422459000,332111000,0.3503359641096804,"Charlotte, North Carolina",NC,36713,2020,General Purpose,6759442000,575342000,18033989000,0,87508000,2026525000,2284998000,0,874607,70869,https://acfrs-docs.s3.us-east-2.amazonaws.com/acfrs/General%20Purpose/NC/Charlotte/NC%20Charlotte%202020.pdf,-316869000,618604000,531962000,0.37481679732642625,"Charlotte, North Carolina",2.0988566807733537,0.18877293853047405,6.314257164357706,-0.3756866091938898,-31.70768375244906,0.1701270635685458,0.09233337116929594,-0.06531413050687168,0.4802331562885609,35.2272086,-80.8430827,-20.67671046293374
NC,North Carolina,36728,3755000,2022,"Raleigh, NC",General Purpose,2373022529,253811684,5520226873,1409236610,33421060,812741116,1076150788,0,467762,74612,https://acfrs-docs.s3.us-east-2.amazonaws.com/acfrs/General%20Purpose/NC/Raleigh/NC%20Raleigh%202022.pdf,9597988,129081538,205633329,0.42987771763633453,"Raleigh, North Carolina",NC,36728,2020,General Purpose,2241239412,191899615,4823292790,0,32553519,795974736,973529224,0,467762,74612,https://acfrs-docs.s3.us-east-2.amazonaws.com/acfrs/General%20Purpose/NC/Raleigh/NC%20Raleigh%202020.pdf,-14345127,157437366,190900860,0.4646699898970885,"Raleigh, North Carolina",5.879921453032167,0.32262737473444125,2.1063959999856077,0.0771734029904318,-18.0108628087693,0.10541189875980549,0.14449342251105599,-0.07487522976996967,1.6690765442508804,35.7803977,-78.6390989,-17.568061392289422
NC,North Carolina,36710,3728000,2022,"Greensboro, NC",General Purpose,1236425979,167739658,2460932663,406085485,18377786,627276857,665049342,NA,299101,51825,https://acfrs-docs.s3.us-east-2.amazonaws.com/acfrs/General%20Purpose/NC/Greensboro/NC%20Greensboro%202022.pdf,-129967173,62478040,118633659,0.5024217027916298,"Greensboro, North Carolina",NC,36710,2020,General Purpose,1170826645,99244554,2271809786,0,17117085,541307840,613360174,0,299101,51825,https://acfrs-docs.s3.us-east-2.amazonaws.com/acfrs/General%20Purpose/NC/Greensboro/NC%20Greensboro%202020.pdf,-27192220,90709688,131940179,0.515371776376352,"Greensboro, North Carolina",5.602822098398692,0.6901648628498044,15.881723974291598,-0.10085267505965714,-31.123079157763172,0.08427212947803814,0.08324767247921346,-0.02512763441524859,-3.7795719878700598,36.0726355,-79.7919754,-36.49319801338804
NC,North Carolina,36706,3719000,2022,"Durham, NC",General Purpose,1073941784,134348630,2861462191,601975053,22656034,505749056,598435779,0,283588,71343,https://acfrs-docs.s3.us-east-2.amazonaws.com/acfrs/General%20Purpose/NC/Durham/NC%20Durham%202022.pdf,-41661907,71632896,161244534,0.3753122397974749,"Durham, North Carolina",NC,36706,2020,General Purpose,1029720774,63244220,967199798,0,30680043,484850401,556945244,82572000,283588,71343,https://acfrs-docs.s3.us-east-2.amazonaws.com/acfrs/General%20Purpose/NC/Durham/NC%20Durham%202020.pdf,8850623,84911103,155600034,1.0646412211099325,"Durham, North Carolina",4.294466142333067,1.124283136071565,4.310330559054235,0.03627569901430741,-15.637774720698186,0.07449661424885065,1.9585016424910378,-0.6474753819824896,-5.707228745366287,35.996653,-78.9018053,-20.283042373303655
NC,North Carolina,36708,3775000,2022,"Winston-Salem, NC",General Purpose,1160941196,53162489,2438535641,495112576,17642620,408422629,493591689,223602842,249562,54228,https://acfrs-docs.s3.us-east-2.amazonaws.com/acfrs/General%20Purpose/NC/Winston-Salem/NC%20Winston-Salem%202022.pdf,32006571,89185304,1459209,0.47608129095210544,"Winston-Salem, North Carolina",NC,36708,2020,General Purpose,1083821870,29047731,2121870086,0,16677959,399880634,452557098,0,249562,54228,https://acfrs-docs.s3.us-east-2.amazonaws.com/acfrs/General%20Purpose/NC/Winston-Salem/NC%20Winston-Salem%202020.pdf,23628733,108050925,7852505,0.5107861584698358,"Winston-Salem, North Carolina",7.115498232195665,0.8301769938588318,2.136136205085641,-0.8141728021822335,-17.459934748360553,0.09067273760890167,0.14923889878524824,-0.06794402499413031,0.35456145701929936,36.0998131,-80.2440518,-34.49745029317476
NC,North Carolina,196952,3722920,2022,"Fayetteville, NC",General Purpose,305969346,67595870,909195007,299093559,9079838,246034730,269727392,33922724,208470,51629,https://acfrs-docs.s3.us-east-2.amazonaws.com/acfrs/General%20Purpose/NC/Fayetteville/NC%20Fayetteville%202022.pdf,-43903208,38437873,55006905,0.3365277455818672,"Fayetteville, North Carolina",NC,196952,2020,General Purpose,237274660,24209611,768197587,0,8533156,216823751,229636558,45338903,208470,51629,https://acfrs-docs.s3.us-east-2.amazonaws.com/acfrs/General%20Purpose/NC/Fayetteville/NC%20Fayetteville%202020.pdf,-11396804,49957771,51538394,0.3088719152667685,"Fayetteville, North Carolina",28.951547544099316,1.7921088860122536,13.472222883921974,0.06729955535673075,-23.05927139943854,0.17458384827384496,0.18354316960383787,0.08953818378473404,-2.8522385749548733,35.0526,-78.8784,-36.65598059897347
OH,Ohio,44337,3918000,2022,"Columbus, OH",General Purpose,6848750000,376549000,10996019000,2123978000,121683000,2095282000,2530580000,0,905839,58202,https://acfrs-docs.s3.us-east-2.amazonaws.com/acfrs/General%20Purpose/OH/Columbus/OH%20Columbus%202022.pdf,58749000,1099799000,87068000,0.6228390474770915,"Columbus, Ohio",OH,44337,2020,General Purpose,7128521000,239192000,9939955000,0,116703000,2196145000,2468026000,0,905839,58202,https://acfrs-docs.s3.us-east-2.amazonaws.com/acfrs/General%20Purpose/OH/Columbus/OH%20Columbus%202020.pdf,32689000,1466875000,471418000,0.7171582768734869,"Columbus, Ohio",-3.9246710502781714,0.5742541556573798,-4.592729532886034,-0.8153061614108923,-25.024354495100127,0.025345762159717927,0.10624434416453596,-0.13151800995393673,0.7972100706659733,39.9622601,-83.0007065,-31.19695031809046
OH,Ohio,36922,3916000,2022,"Cleveland, OH",General Purpose,3610810000,650009000,7328748000,5,45677000,1389344000,1878993000,519701000,372632,35562,https://acfrs-docs.s3.us-east-2.amazonaws.com/acfrs/General%20Purpose/OH/Cleveland/OH%20Cleveland%202022.pdf,-160360000,606103000,17147000,0.4926912482186589,"Cleveland, Ohio",OH,36922,2020,General Purpose,4080064000,410745000,6610756000,0,0,1542066000,1566228000,0,372632,35562,https://acfrs-docs.s3.us-east-2.amazonaws.com/acfrs/General%20Purpose/OH/Cleveland/OH%20Cleveland%202020.pdf,-386583000,893120000,344486000,0.6171856895035908,"Cleveland, Ohio",-11.501143119323618,0.582512264300235,-9.903726559044813,-0.9502243922829955,-32.13644303117162,0.19969314812402791,0.10860966582339449,-0.20171310417949598,0.5851861049244276,41.4996574,-81.6936772,-50
OH,Ohio,36933,3915000,2022,"Cincinnati, OH",General Purpose,2670728000,128421000,4791941000,1122494000,136936000,739549000,1164707000,0,309561,42733,https://acfrs-docs.s3.us-east-2.amazonaws.com/acfrs/General%20Purpose/OH/Cincinnati/OH%20Cincinnati%202022.pdf,296737000,955536000,-61142000,0.5573374129606353,"Cincinnati, Ohio",OH,36933,2020,General Purpose,3389782000,125427000,4154115000,0,142610000,1432631000,1101279000,-1507445000,309561,42733,https://acfrs-docs.s3.us-east-2.amazonaws.com/acfrs/General%20Purpose/OH/Cincinnati/OH%20Cincinnati%202020.pdf,-456779000,1498856000,211704000,0.8160058159198771,"Cincinnati, Ohio",-21.212396549394622,0.023870458513717142,-48.37826348864432,-1.2888089029966368,-36.24897922148625,0.05759485107770147,0.15354076620411328,-0.31699333253850265,1.6496292517825908,39.1014537,-84.5124602,-44.04431672840224
OH,Ohio,98182,3977000,2022,"Toledo, OH",General Purpose,1755747000,246626000,2991155000,296667000,38787000,520013000,681708000,-99312000,270880,44150,https://acfrs-docs.s3.us-east-2.amazonaws.com/acfrs/General%20Purpose/OH/Toledo/OH%20Toledo%202022.pdf,-84931000,286965000,25136000,0.5869796115547339,"Toledo, Ohio",OH,98182,2020,General Purpose,1732226000,48479000,2607625000,0,37817000,479463000,561603000,-230079000,270880,44150,https://acfrs-docs.s3.us-east-2.amazonaws.com/acfrs/General%20Purpose/OH/Toledo/OH%20Toledo%202020.pdf,33661000,367616000,113536000,0.6642926034226547,"Toledo, Ohio",1.357848225347039,4.0872749025351185,8.457378358705467,-0.7786076662908681,-21.938925400417826,0.21386103706710968,0.14708019749772303,-0.11638394206043963,-3.5231276551498767,41.6529143,-83.5378173,-42.8674650764912
OK,Oklahoma,125837,4055000,2022,"Oklahoma City, OK",General Purpose,2377773000,127420000,5176765000,1812251000,93593000,921587000,1155865000,0,681084,59214,https://acfrs-docs.s3.us-east-2.amazonaws.com/acfrs/General%20Purpose/OK/Oklahoma%20City/OK%20Oklahoma%20City%202022.pdf,106858000,-56491000,419069000,0.4593163877440834,"Oklahoma City, Oklahoma",OK,125837,2020,General Purpose,2204253000,125893000,4635404000,0,92640000,1009813000,1077290000,0,681084,59214,https://acfrs-docs.s3.us-east-2.amazonaws.com/acfrs/General%20Purpose/OK/Oklahoma%20City/OK%20Oklahoma%20City%202020.pdf,-58416000,277034000,425090000,0.4755255421102454,"Oklahoma City, Oklahoma",7.872054614420396,0.01212934793832858,-8.736865142358042,-0.014164059375661625,-120.39135990528239,0.07293764910098488,0.11678831014513513,-0.034086821696749314,2.829259107093947,35.4729886,-97.5170536,-30.356460641496273
OK,Oklahoma,1268097,4075000,2022,"Tulsa, OK",General Purpose,1214772000,64654000,4002725000,1201812000,38788000,595755000,713325000,0,413123,51008,https://acfrs-docs.s3.us-east-2.amazonaws.com/acfrs/General%20Purpose/OK/Tulsa%20Oklahoma/OK%20Tulsa%20Oklahoma%202022.pdf,52916000,236765000,3211000,0.3034862499921928,"Tulsa, Oklahoma",OK,1268097,2020,General Purpose,1315222000,71276000,3709260000,0,37241000,591071000,679703000,0,413123,51008,https://acfrs-docs.s3.us-east-2.amazonaws.com/acfrs/General%20Purpose/OK/Tulsa%20Oklahoma/OK%20Tulsa%20Oklahoma%202020.pdf,17356000,292959000,4648000,0.35457800208127765,"Tulsa, Oklahoma",-7.637493898368489,-0.09290644817329817,0.7924597890947112,-0.3091652323580034,-19.181523694441886,0.049465722528810374,0.07911685888829578,-0.14409171406345,2.048859184143812,36.1563122,-95.9927516,-37.171735627792636
OR,Oregon,37572,4159000,2022,"Portland, OR",General Purpose,8413392207,519532981,10742509469,2455250539,106449714,2094425083,2626078450,0,652518,79057,https://acfrs-docs.s3.us-east-2.amazonaws.com/acfrs/General%20Purpose/OR/Portland/OR%20Portland%202022.pdf,12120386,4275718773,105361719,0.7831868551085566,"Portland, Oregon",OR,37572,2020,General Purpose,9174347541,330486470,9652816787,0,96499054,2251447753,2330517610,0,652518,79057,https://acfrs-docs.s3.us-east-2.amazonaws.com/acfrs/General%20Purpose/OR/Portland/OR%20Portland%202020.pdf,-251416613,5078795811,76618578,0.9504321633199978,"Portland, Oregon",-8.294380942070308,0.572024963684595,-6.974297750892557,0.37514584256575473,-15.812351350307122,0.12682197239436435,0.11288856983875954,-0.1759676436319548,1.0482083735651948,45.5202471,-122.674194,-13.87638489776257
PA,Pennsylvania,43862,4261000,2022,"Pittsburgh, PA",General Purpose,2219133011,307743484,961331922,741493186,24771811,663577923,775865270,0,302958,57821,https://acfrs-docs.s3.us-east-2.amazonaws.com/acfrs/General%20Purpose/PA/Pittsburgh/PA%20Pittsburgh%202022.pdf,-195456137,924293454,352713530,2.3083941770946415,"Pittsburgh, Pennsylvania",PA,43862,2020,General Purpose,1836357586,62813200,540333554,0,5917299,582044068,607218809,0,302958,57821,https://acfrs-docs.s3.us-east-2.amazonaws.com/acfrs/General%20Purpose/PA/Pittsburgh/PA%20Pittsburgh%202020.pdf,-37638459,776368485,402893514,3.398562929149501,"Pittsburgh, Pennsylvania",20.844274988607804,3.8993441505925506,14.008192761102068,-0.12454899931697586,19.053448440787754,0.2777358976704557,0.7791453351053598,-0.3207734488905512,-4.192989888347979,40.4416941,-79.9900861,-31.513379731907047
TN,Tennessee,38563,4748000,2022,"Memphis, TN",General Purpose,4889827000,647971000,7984818000,1622918000,128376000,3063010000,3167317000,-1647070,631539,44317,https://acfrs-docs.s3.us-east-2.amazonaws.com/acfrs/General%20Purpose/TN/Memphis/TN%20Memphis%202022.pdf,-543664000,555464000,662704000,0.6123905391456637,"Memphis, Tennessee",TN,38563,2020,General Purpose,4403060000,605559000,6665198000,0,132839000,2925057000,2869453000,-58318,631539,44317,https://acfrs-docs.s3.us-east-2.amazonaws.com/acfrs/General%20Purpose/TN/Memphis/TN%20Memphis%202020.pdf,-661163000,578293000,933940000,0.6606045311782186,"Memphis, Tennessee",11.055197975953087,0.07003776675765698,4.716249973932132,-0.29042122620296806,-3.9476528334252707,0.10380515031959053,0.19798661645160429,-0.072984652325292207,0.17771563139498125,35.1460249,-90.0517638,-42.72876766938525
TX,Texas,43770,4835000,2022,"Houston, TX",General Purpose,22502566000,1614261000,29315179000,3488493000,570241000,4567147000,6763312000,-6316493000,2301572,55499,https://acfrs-docs.s3.us-east-2.amazonaws.com/acfrs/General%20Purpose/TX/Houston/TX%20Houston%202022.pdf,581904000,2192174000,2350595000,0.7676080026664684,"Houston, Texas",TX,43770,2020,General Purpose,25651079000,803248000,26236230000,0,522645000,5521131000,5507561000,-7401262000,2301572,55499,https://acfrs-docs.s3.us-east-2.amazonaws.com/acfrs/General%20Purpose/TX/Houston/TX%20Houston%202020.pdf,-816818000,4944343000,2233624000,0.9776968337295412,"Houston, Texas",-12.274388145621476,1.0096670019719938,-17.27877856910115,0.0523682589370458,-55.662986973193405,0.22800491905582163,0.11735485624268426,-0.2148813658950534,1.7124034974743456,29.7589382,-95.3676974,-33.441855057056955
TX,Texas,38656,4865000,2022,"San Antonio, TX",General Purpose,5928044000,582568000,9641978000,2956827000,NA,2578927000,3103890000,-881203000,1434367,54923,https://acfrs-docs.s3.us-east-2.amazonaws.com/acfrs/General%20Purpose/TX/San%20Antonio/TX%20San%20Antonio%202022.pdf,-57605000,454333000,811969000,0.6148161715365872,"San Antonio, Texas",TX,38656,2020,General Purpose,6535995000,443951000,8654512000,0,245737000,2580564000,2570306000,-1235228000,1434367,54923,https://acfrs-docs.s3.us-east-2.amazonaws.com/acfrs/General%20Purpose/TX/San%20Antonio/TX%20San%20Antonio%202020.pdf,-454209000,993046000,1170748000,0.755212425611057,"San Antonio, Texas",-9.301583003046973,0.31223490880750354,-0.06343574505418195,-0.30645279769856537,-54.248544377601846,0.20759551586464803,0.11409840323752513,-0.18590299803511898,0.8731751242269528,29.4246002,-98.4951405,-33.92023653306313
TX,Texas,38669,4819000,2022,"Dallas, TX",General Purpose,12395558000,866539000,16650163000,4202024000,23469000,2792371000,3660182000,-4708233000,1304317,57995,https://acfrs-docs.s3.us-east-2.amazonaws.com/acfrs/General%20Purpose/TX/Dallas/TX%20Dallas%202022.pdf,1272000,435145000,63060000,0.7444706697465965,"Dallas, Texas",TX,38669,2020,General Purpose,12969622000,520329000,15051454000,3409197000,24711000,2718982000,3181977000,-5846746000,1304317,57995,https://acfrs-docs.s3.us-east-2.amazonaws.com/acfrs/General%20Purpose/TX/Dallas/TX%20Dallas%202020.pdf,-57334000,852963000,133286000,0.8616856550868773,"Dallas, Texas",-4.426219977729497,0.6653674886466063,2.699135191038411,-0.5268820431253095,-48.984305298119615,0.15028549860668383,0.10621624993837804,-0.1360298673284319,1.0221857885373427,32.7762719,-96.7968559,-31.36886866103018
TX,Texas,38712,4805000,2022,"Austin, TX",General Purpose,16018263000,943208000,20508416000,2811715000,181131000,4977519000,5203837000,-2891887000,961900,79542,https://acfrs-docs.s3.us-east-2.amazonaws.com/acfrs/General%20Purpose/TX/Austin/TX%20Austin%202022.pdf,-716890000,2023188000,4253955000,0.7810580300302081,"Austin, Texas",TX,38712,2020,General Purpose,15202009000,536339000,18022079000,0,180250000,4579745000,4246064000,0,961900,79542,https://acfrs-docs.s3.us-east-2.amazonaws.com/acfrs/General%20Purpose/TX/Austin/TX%20Austin%202020.pdf,-870020000,3003314000,3504494000,0.843521382854886,"Austin, Texas",5.369382428335624,0.7586041663947615,8.685505415694541,0.21385712174139834,-32.63481607317783,0.225567254756405,0.13796060931704937,-0.07405070469378208,0.17600744810464128,30.2711286,-97.7436995,-13.4735810507782
TX,Texas,38708,4827000,2022,"Fort Worth, TX",General Purpose,6295537000,455775000,10340868000,1949983000,NA,2084882000,2358042000,-1487001000,918937,68235,https://acfrs-docs.s3.us-east-2.amazonaws.com/acfrs/General%20Purpose/TX/Fort%20Worth/TX%20Fort%20Worth%202022.pdf,-182615000,2062436000,864008000,0.6088016015676827,"Fort Worth, Texas",TX,38708,2020,General Purpose,6248476000,379448000,8971644000,0,160866000,514751000,2590058000,-1458753000,918937,68235,https://acfrs-docs.s3.us-east-2.amazonaws.com/acfrs/General%20Purpose/TX/Fort%20Worth/TX%20Fort%20Worth%202020.pdf,1695859000,2259058000,970878000,0.6964694542048258,"Fort Worth, Texas",0.7531596504491654,0.2011527271193945,305.02728503684307,-0.11007562227179934,-8.703716327779102,-0.08957946115492395,0.15261684480570117,-0.1258746555327905,-1.1076828910894125,32.753177,-97.3327459,-22.864309087587
TX,Texas,43166,4824000,2022,"El Paso, TX",General Purpose,2658808584,320617220,3622472296,307427053,75405005,820918153,1054928417,-395266887,678697,51241,https://acfrs-docs.s3.us-east-2.amazonaws.com/acfrs/General%20Purpose/TX/El%20Paso/TX%20El%20Paso%202022.pdf,-86606956,249896511,120299852,0.733976236874442,"El Paso, Texas",TX,43166,2020,General Purpose,2782722728,175729645,2850676150,0,69805882,844169891,933071876,-1024908524,678697,51241,https://acfrs-docs.s3.us-east-2.amazonaws.com/acfrs/General%20Purpose/TX/El%20Paso/TX%20El%20Paso%202020.pdf,-86827660,590743738,156786139,0.9761623494131384,"El Paso, Texas",-4.452982065125103,0.824491365699851,-2.75439082202471,-0.2327137286032664,-57.6979839268309,0.13059716419959913,0.27074143304563025,-0.24810023935495656,0.0025418628119196116,31.7550511,-106.488234,-36.97822367656097
TX,Texas,31543,4804000,2022,"Arlington, TX",General Purpose,1969829000,130931000,4994679000,872482000,44340000,678643000,731306000,0,394257,59889,https://acfrs-docs.s3.us-east-2.amazonaws.com/acfrs/General%20Purpose/TX/Arlington/TX%20Arlington%202022.pdf,-78268000,-119626000,143042000,0.394385505054479,"Arlington, Texas",TX,31543,2020,General Purpose,2015112000,55342000,4642449000,0,39544000,598609000,988707000,0,394257,59889,https://acfrs-docs.s3.us-east-2.amazonaws.com/acfrs/General%20Purpose/TX/Arlington/TX%20Arlington%202020.pdf,334756000,140315000,125696000,0.4340622804903188,"Arlington, Texas",-2.247170380604155,1.3658523363810489,13.369996107642883,0.1379996181262729,-185.25531839076365,-0.26034103126608793,0.07587159277355551,-0.09140802419187571,-1.23380611549905,32.7355816,-97.1071186,-29.79585734930153
TX,Texas,38701,4817000,2022,"Corpus Christi, TX",General Purpose,1955699167,151263653,3881287980,585004945,48785499,633795570,799660967,NA,317863,59812,https://acfrs-docs.s3.us-east-2.amazonaws.com/acfrs/General%20Purpose/TX/Corpus%20Christi/TX%20Corpus%20Christi%202022.pdf,14601744,141067731,13937528,0.50387891263868545,"Corpus Christi, Texas",TX,38701,2020,General Purpose,1928720995,87504254,3543052934,0,37242980,485734670,667414021,100111000,317863,59812,https://acfrs-docs.s3.us-east-2.amazonaws.com/acfrs/General%20Purpose/TX/Corpus%20Christi/TX%20Corpus%20Christi%202020.pdf,94175097,227467000,9212565,0.5443669713459607,"Corpus Christi, Texas",1.3987596998185836,0.7286434211529876,30.48184721918244,0.5128824599880707,-37.98321031182545,0.19814828852689026,0.09546429373216923,-0.07437640569406244,-0.84495111271295,27.7635302,-97.4033191,-29.859807650781523
TX,Texas,38665,4858016,2022,"Plano, TX",General Purpose,794523367,74594509,2611871007,180753917,55282141,599436678,674630973,0,285469,95002,https://acfrs-docs.s3.us-east-2.amazonaws.com/acfrs/General%20Purpose/TX/Plano/TX%20Plano%202022.pdf,599786,-37631774,-5690194,0.3041970161890158,"Plano, Texas",TX,38665,2020,General Purpose,747692669,66533729,2363327140,0,48803200,599131634,649535368,0,285469,95002,https://acfrs-docs.s3.us-east-2.amazonaws.com/acfrs/General%20Purpose/TX/Plano/TX%20Plano%202020.pdf,-16129995,74014899,12327491,0.3163729034144634,"Plano, Texas",6.263361932200515,0.12115328753029911,0.050914353822953035,-1.4615857354915125,-150.8435119258894,0.03863624097525664,0.10516693300445913,-0.038485872506902455,1.0371845124564514,33.0136764,-96.6925096,-0.6336893510290196
TX,Texas,38693,4845000,2022,"Lubbock, TX",General Purpose,1921731747,142484404,3351931458,141024593,41646009,783128409,943795736,-32157161,257157,54747,https://acfrs-docs.s3.us-east-2.amazonaws.com/acfrs/General%20Purpose/TX/Lubbock/TX%20Lubbock%202022.pdf,18182923,99473975,154946406,0.5733207170491015,"Lubbock, Texas",TX,38693,2020,General Purpose,1869606346,96255991,2981185936,0,38129914,640991169,749999064,0,257157,54747,https://acfrs-docs.s3.us-east-2.amazonaws.com/acfrs/General%20Purpose/TX/Lubbock/TX%20Lubbock%202020.pdf,12751904,167632275,150930890,0.6271351019817772,"Lubbock, Texas",2.78804150999603,0.48026530629142866,22.174601909375134,0.026604997823838447,-40.6594135884632,0.25839588514473133,0.12436175735400357,-0.08580987535639403,0.4258986736412068,33.5855677,-101.8470215,-34.06640865073169
TX,Texas,47012,4837000,2022,"Irving, TX",General Purpose,1295144867,96059019,2473882603,405982135,36014881,438488241,561512341,117896029,256687,70340,https://acfrs-docs.s3.us-east-2.amazonaws.com/acfrs/General%20Purpose/TX/Irving/TX%20Irving%202022.pdf,26965081,-4305530,17063616,0.5235272140357098,"Irving, Texas",TX,47012,2020,General Purpose,1041752554,49882637,2026247410,0,36386710,427556057,465446366,47752358,256687,70340,https://acfrs-docs.s3.us-east-2.amazonaws.com/acfrs/General%20Purpose/TX/Irving/TX%20Irving%202020.pdf,-11992328,164966856,16706512,0.5141289996763031,"Irving, Texas",24.323656517764583,0.9257004997550551,2.5569007434269606,0.021375138030008897,-102.60993638625204,0.2063953701595771,0.22091832951436075,0.018279875994786962,3.248527642005789,32.8295183,-96.9442177,-21.11605733933525
TX,Texas,40881,4841464,2022,"Laredo, TX",General Purpose,1494245564,118603456,2458780162,716861357,47515435,566188232,658183597,-189603707,255212,52438,https://acfrs-docs.s3.us-east-2.amazonaws.com/acfrs/General%20Purpose/TX/Laredo/TX%20Laredo%202022.pdf,-26608091,187273236,172161855,0.6077182446374398,"Laredo, Texas",TX,40881,2020,General Purpose,1409404951,46912739,2024649090,0,44279265,549516642,526385016,-241882780,255212,52438,https://acfrs-docs.s3.us-east-2.amazonaws.com/acfrs/General%20Purpose/TX/Laredo/TX%20Laredo%202020.pdf,-70044365,250329436,265995373,0.6961230753325259,"Laredo, Texas",6.01960514895339,1.5281716337219193,3.0338644411791993,-0.3527637226982892,-25.189286968233333,0.25038437074356235,0.21442287166908514,-0.12699597790643075,0.6201251735239516,27.5030915,-99.5075644,-35.984087171735624
TX,Texas,44101,4829000,2022,"Garland, TX",General Purpose,1864177891,206533576,3162895651,727728382,NA,718474852,719240669,199319499,246001,61607,https://acfrs-docs.s3.us-east-2.amazonaws.com/acfrs/General%20Purpose/TX/Garland/TX%20Garland%202022.pdf,-205767759,-62295681,70484261,0.5893896279539321,"Garland, Texas",TX,44101,2020,General Purpose,1457720709,129484878,2488565954,0,29549404,628309131,726223208,144058141,246001,61607,https://acfrs-docs.s3.us-east-2.amazonaws.com/acfrs/General%20Purpose/TX/Garland/TX%20Garland%202020.pdf,-31570801,15972628,85640582,0.5857673599757043,"Garland, Texas",27.883062886499747,0.5950401250715933,14.35053488025785,-0.17697592246629057,-490.01522479581945,-0.009614866232696877,0.27097119765546707,0.006183799620344302,-5.517660384986748,32.912624,-96.6388833,-28.36901815524143
VA,Virginia,230476,5182000,2022,"Virginia Beach, VA",General Purpose,2142426048,213021020,6422674813,1534726843,47833459,1611648398,1778892587,0,459471,81634,https://acfrs-docs.s3.us-east-2.amazonaws.com/acfrs/General%20Purpose/VA/Virginia%20Beach/VA%20Virginia%20Beach%202022.pdf,-45776831,260062702,99991906,0.33357224371122773,"Virginia Beach, Virginia",VA,230476,2020,General Purpose,2174515595,103328094,5963034244,0,50506959,1546388767,1632118091,511815144,459471,81634,https://acfrs-docs.s3.us-east-2.amazonaws.com/acfrs/General%20Purpose/VA/Virginia%20Beach/VA%20Virginia%20Beach%202020.pdf,-17598770,417692180,103615930,0.3646659579706415,"Virginia Beach, Virginia",-1.4757101339620422,1.061598271618172,4.220130952360959,-0.034975548643919906,-37.738192273554176,0.08992884571855407,0.07708165846313728,-0.08526629256114182,-1.601138090900671,36.8529841,-75.9774183,-11.736126106672423
VA,Virginia,230275,5116000,2022,"Chesapeake, VA",General Purpose,1015516870,64408805,3295430083,819823950,28383652,881782932,964023667,0,249415,88815,https://acfrs-docs.s3.us-east-2.amazonaws.com/acfrs/General%20Purpose/VA/Chesapeake/VA%20Chesapeake%202022.pdf,17831930,69545639,46042830,0.30815913080320084,"Chesapeake, Virginia",VA,230275,2020,General Purpose,1137616969,84316399,3110000000,0,23227413,815696278,855449210,252237138,249415,88815,https://acfrs-docs.s3.us-east-2.amazonaws.com/acfrs/General%20Purpose/VA/Chesapeake/VA%20Chesapeake%202020.pdf,-44563467,162210178,41676036,0.3657932376205788,"Chesapeake, Virginia",-10.732970967137534,-0.23610583748957306,8.101870240481837,0.10477949486366697,-57.12621744364278,0.12692098575904934,0.05962382090032154,-0.1575592462897285,1.4001468287913954,36.7183708,-76.2466798,-5.772137601116221
VA,Virginia,230389,5157000,2022,"Norfolk, VA",General Purpose,2142201352,265062165,3185660774,864177858,24940547,854621404,1077165019,80122966,238001,58591,https://acfrs-docs.s3.us-east-2.amazonaws.com/acfrs/General%20Purpose/VA/Norfolk/VA%20Norfolk%202022.pdf,-42518550,38108794,116281900,0.6724511817089035,"Norfolk, Virginia",VA,230389,2020,General Purpose,2126539198,190368768,2797625060,0,26136799,909352298,936078688,0,238001,58591,https://acfrs-docs.s3.us-east-2.amazonaws.com/acfrs/General%20Purpose/VA/Norfolk/VA%20Norfolk%202020.pdf,-163642378,319781825,75620871,0.760123015912647,"Norfolk, Virginia",0.7365090666906202,0.3923616136445239,-6.0186678056869,0.537695856478564,-88.08287681765529,0.1507205887802458,0.13870182947245976,-0.11533900746115373,0.7401739664281828,36.8448348,-76.2863999,-30.87387671710712
VA,Virginia,230420,5167000,2022,"Richmond, VA",General Purpose,2499202932,338178896,3867908884,931826918,26018898,1136065971,1333625718,179192010,226618,51770,https://acfrs-docs.s3.us-east-2.amazonaws.com/acfrs/General%20Purpose/VA/Richmond/VA%20Richmond%202022.pdf,-140619149,257171812,24127873,0.6461380055611465,"Richmond, Virginia",VA,230420,2020,General Purpose,2594525942,199271710,3549156723,0,24131176,1117347385,1190816721,199139615,226618,51770,https://acfrs-docs.s3.us-east-2.amazonaws.com/acfrs/General%20Purpose/VA/Richmond/VA%20Richmond%202020.pdf,-125802374,370679024,116933633,0.7310260280100908,"Richmond, Virginia",-3.6740048907169496,0.6970742911776087,1.6752700414652155,-0.7936618201197939,-30.62142841942953,0.11992525338414357,0.08981067500748965,-0.11612175106817464,-0.11777818278691625,37.5385087,-77.43428,-36.538876800159464
WA,Washington,39553,5363000,2022,"Seattle, WA",General Purpose,9298697000,786817000,18434864000,4095776000,15273000,4541941000,5619536000,NA,737018,110781,https://acfrs-docs.s3.us-east-2.amazonaws.com/acfrs/General%20Purpose/WA/Seattle/WA%20Seattle%202022.pdf,290778000,671920000,537513000,0.5044082234618058,"Seattle, Washington",WA,39553,2020,General Purpose,9163846000,643409000,15849537000,0,143102000,4384767000,4581734000,0,737018,110781,https://acfrs-docs.s3.us-east-2.amazonaws.com/acfrs/General%20Purpose/WA/Seattle/WA%20Seattle%202020.pdf,-446442000,1195375000,673085000,0.5781775202644721,"Seattle, Washington",1.4715546289189059,0.22288777433949478,3.584546225603322,-0.20141884011677574,-43.79002405103002,0.22650856640739073,0.16311687842995035,-0.12758935485579323,1.6513231282003038,47.6038321,-122.330062,12.47113931199442
WA,Washington,39566,5367000,2022,"Spokane, WA",General Purpose,826490515,37090726,3306899777,474773676,28250771,614410420,678420161,NA,228978,58714,https://acfrs-docs.s3.us-east-2.amazonaws.com/acfrs/General%20Purpose/WA/Spokane/WA%20Spokane%202022.pdf,26919015,54128742,NA,0.24992910905506405,"Spokane, Washington",WA,39566,2020,General Purpose,886969987,41087427,3165077400,0,25615819,527607330,584541313,-21588822,228978,58714,https://acfrs-docs.s3.us-east-2.amazonaws.com/acfrs/General%20Purpose/WA/Spokane/WA%20Spokane%202020.pdf,15846556,-61452699,-97392855,0.2802364286573213,"Spokane, Washington",-6.8186604830406745,-0.09727309037871854,16.452214566465557,NA,188.08196040339905,0.16060258858042425,0.0448085019974551,-0.10814910733578338,0.6987296798118152,47.6571934,-117.42351,-30.7717223394183
WA,Washington,39559,5370000,2022,"Tacoma, WA",General Purpose,2255596000,243345000,5963570000,1685560000,53190000,1185331000,1322919000,397987000,219175,77141,https://acfrs-docs.s3.us-east-2.amazonaws.com/acfrs/General%20Purpose/WA/Tacoma/WA%20Tacoma%202022.pdf,-105757000,-208476000,227442000,0.37822914797679913,"Tacoma, Washington",WA,39559,2020,General Purpose,2088340000,203686000,5236657000,0,44245000,1145003000,1229044000,310161000,219175,77141,https://acfrs-docs.s3.us-east-2.amazonaws.com/acfrs/General%20Purpose/WA/Tacoma/WA%20Tacoma%202020.pdf,-119645000,-45317000,208422000,0.39879258847772536,"Tacoma, Washington",8.009040673453557,0.1947065581335978,3.5220868416938647,0.0912571609522987,-360.0392788578238,0.0763805038713016,0.1388124141031196,-0.05156424942454719,0.11607672698399432,47.2455013,-122.438329,-15.467667724199792
WI,Wisconsin,39892,5553000,2022,"Milwaukee, WI",General Purpose,3897051000,520986000,4182546000,1542045000,47949000,1246728000,1366136000,-2888994,577225,46637,https://acfrs-docs.s3.us-east-2.amazonaws.com/acfrs/General%20Purpose/WI/Milwaukee/WI%20Milwaukee%202022.pdf,-401578000,380776000,1228831000,0.9317413364969567,"Milwaukee, Wisconsin",WI,39892,2020,General Purpose,4631245000,189324000,3871974000,0,50710000,1584630000,1288626000,0,577225,46637,https://acfrs-docs.s3.us-east-2.amazonaws.com/acfrs/General%20Purpose/WI/Milwaukee/WI%20Milwaukee%202020.pdf,-485328000,850751000,1690355000,1.1960940336892758,"Milwaukee, Wisconsin",-15.853058950670931,1.7518222729289472,-21.323715946309232,-0.27303377101259796,-55.24236821349607,0.060149337356222826,0.08021024934568259,-0.2210133064345619,0.17256370949131308,43.0349931,-87.922497,-40.80195339102703
WI,Wisconsin,39884,5548000,2022,"Madison, WI",General Purpose,1169202369,164087581,3289492493,962559465,65743716,607341462,727021865,0,269769,67270,https://acfrs-docs.s3.us-east-2.amazonaws.com/acfrs/General%20Purpose/WI/Madison/WI%20Madison%202022.pdf,-44407178,-147307513,69016664,0.35543548784137624,"Madison, Wisconsin",WI,39884,2020,General Purpose,1121052486,90341077,2918901000,0,66861699,564493985,598064822,0,269769,67270,https://acfrs-docs.s3.us-east-2.amazonaws.com/acfrs/General%20Purpose/WI/Madison/WI%20Madison%202020.pdf,-56770240,-57455784,82355761,0.3840666353535115,"Madison, Wisconsin",4.295060543668425,0.8163119861854204,7.59042224338316,-0.1619692033444995,-156.38413183953767,0.2156238559037,0.1269626797894139,-0.07454734381126833,0.2177736433737113,43.074761,-89.3837613,-23.665764164576515
