state.abb,state.name,id_22,geo_id,year_22,name,category_22,total_liabilities_22,current_liabilities_22,total_assets_22,current_assets_22,compensated_absences_22,expenses_22,revenues_22,unrestricted_22,population_22,urban_pop_22,pct_urban_pop_22,median_hh_income_21_22,url_22,modified_revenues_22,net_pension_liability_22,net_opeb_liability_22,assets_liab_ratio_22,state.abb_20,id_20,year_20,category_20,total_liabilities_20,current_liabilities_20,total_assets_20,current_assets_20,compensated_absences_20,expenses_20,revenues_20,unrestricted_20,population_20,urban_pop_20,pct_urban_pop_20,median_hh_income_21_20,url_20,modified_revenues_20,net_pension_liability_20,net_opeb_liability_20,assets_liab_ratio_20,total_liabilities_growth,current_liabilities_growth,expenses_growth,net_opeb_liability_growth,net_pension_liability_growth,revenues_growth,total_assets_growth,assets_liab_ratio_growth,modified_revenues_growth,2022,id,partisan_lean,pct_urban_pop_22_normalized,median_hh_income_normalized
AL,Alabama,31550,01,2022,Alabama,General Purpose,15782655000,4026823000,46509637000,15785057000,337147000,31015310000,34258018000,-8367416000,5024356,2900880,57.7372395123758,53990,https://acfrs-docs.s3.us-east-2.amazonaws.com/acfrs/General%20Purpose/AL/State%20of%20Alabama/AL%20State%20of%20Alabama%202022.pdf,-784115000,3563587000,847193000,0.3393416078478531,AL,31550,2020,General Purpose,13679635000,2722165000,37412554000,0,330270000,28857713000,30108701000,0,5024356,2900880,57.7372395123758,53990,https://acfrs-docs.s3.us-east-2.amazonaws.com/acfrs/General%20Purpose/AL/State%20of%20Alabama/AL%20State%20of%20Alabama%202020.pdf,-1471177000,3664524000,1698962000,0.36564290692370266,15.37336339748831,0.47927219694618073,7.476673567305905,-0.5013467046349477,-2.754436865470113,0.13781122606385443,0.24315589360726347,-0.07193165402040123,0.467015185800213,-29.17974,1,-29.17974,-11.741546969239167,-37.59270929274322
AK,Alaska,31574,02,2022,Alaska,General Purpose,12992621000,7970975000,104675321000,92208723000,197205000,9850996000,7917502000,18823743000,733378,475967,64.899487449396,78437,https://acfrs-docs.s3.us-east-2.amazonaws.com/acfrs/General%20Purpose/AK/State%20of%20Alaska/AK%20State%20of%20Alaska%202022.pdf,-9904469000,2334810000,-1978984000,0.12412305857652922,AK,31574,2020,General Purpose,14129014000,5911223000,89104922000,0,185848000,10237800000,9104519000,0,733378,475967,64.899487449396,78437,https://acfrs-docs.s3.us-east-2.amazonaws.com/acfrs/General%20Purpose/AK/State%20of%20Alaska/AK%20State%20of%20Alaska%202020.pdf,-7044504000,4657026000,-12349000,0.15856603297402583,-8.042974548684006,0.3484476900972946,-3.7781945339819103,-159.25459551380678,-49.86478495073895,-0.13037668436959712,0.17474229986980966,-0.21721533768293613,-0.40598529009281564,-14.6111,2,-14.6111,0.3739494354362023,21.661253575064237
AZ,Arizona,40623,04,2022,Arizona,General Purpose,24785156000,7179513000,71928237000,23549222000,513983000,54175737000,62720722000,0,7151507,6385230,89.2851599566077,68967,https://acfrs-docs.s3.us-east-2.amazonaws.com/acfrs/General%20Purpose/AZ/State%20of%20Arizona/AZ%20State%20of%20Arizona%202022.pdf,1365472000,4005498000,1034461000,0.34458172525485364,AZ,40623,2020,General Purpose,24362565000,6148699000,55087793000,0,463129000,47285392000,48198360000,0,7151507,6385230,89.2851599566077,68967,https://acfrs-docs.s3.us-east-2.amazonaws.com/acfrs/General%20Purpose/AZ/State%20of%20Arizona/AZ%20State%20of%20Arizona%202020.pdf,-5235731000,5470494000,1245256000,0.44224979207281,1.7345915752302765,0.16764749746247132,14.571825903441807,-0.1692784455565763,-26.77995808056823,0.3013040692670871,0.3057019183905226,-0.22084366927611068,1.260798730874447,-7.171309,4,-7.171309,41.62420077895949,-1.291870667506906
AR,Arkansas,49082,05,2022,Arkansas,General Purpose,10589316000,2815654000,35503018000,14836593000,480268000,25897732000,29551130000,0,3011555,1670677,55.476131022034,52577,https://acfrs-docs.s3.us-east-2.amazonaws.com/acfrs/General%20Purpose/AR/State%20of%20Arkansas/AR%20State%20of%20Arkansas%202022.pdf,837744000,809251000,1556019000,0.2982652348034187,AR,49082,2020,General Purpose,13143393000,2375534000,30382630000,0,290683000,24808284000,25838329000,0,3011555,1670677,55.476131022034,52577,https://acfrs-docs.s3.us-east-2.amazonaws.com/acfrs/General%20Purpose/AR/State%20of%20Arkansas/AR%20State%20of%20Arkansas%202020.pdf,-1345489000,2300436000,2914449000,0.43259563112212474,-19.432402272381264,0.18527202725787129,4.391468591701062,-0.4661018257653505,-64.82184246812344,0.14369354148250066,0.16853011079027722,-0.3105218514811668,1.6226316231496505,-31.50176,5,-31.50176,-15.566386883495802,-41.017499636434145
CA,California,31665,06,2022,California,General Purpose,498154488000,225501569000,467861788000,280842360000,5701391000,455306389000,477412465000,-255075689000,39538245,37259490,94.2366327389068,84831,https://acfrs-docs.s3.us-east-2.amazonaws.com/acfrs/General%20Purpose/CA/State%20of%20California/CA%20State%20of%20California%202022.pdf,-203395493000,54169128000,94283183000,1.064747112880268,CA,31665,2020,General Purpose,408305319000,103649199000,340835100000,163031521000,4401397000,386953774000,386615995000,-228917134000,39538245,37259490,94.2366327389068,84831,https://acfrs-docs.s3.us-east-2.amazonaws.com/acfrs/General%20Purpose/CA/State%20of%20California/CA%20State%20of%20California%202020.pdf,-103986978000,92089623000,90486960000,1.1979556066848749,22.00538783576317,1.175622881562259,17.66428436488127,0.041953260447693236,-41.177815441811504,0.23484923328120452,0.372692507315121,-0.1111965193545338,-0.955970804344367,25.74527,6,25.74527,50,37.15885404042852
CO,Colorado,31946,08,2022,Colorado,General Purpose,37103515000,14785219000,61214825000,30383358000,704550000,45060065000,47079793000,0,5773733,4966936,86.0267065531822,82228,https://acfrs-docs.s3.us-east-2.amazonaws.com/acfrs/General%20Purpose/CO/State%20of%20Colorado/CO%20State%20of%20Colorado%202022.pdf,-12765491000,8410864000,1567351000,0.6061197593883508,CO,31946,2020,General Purpose,28766869000,6879722000,45911546000,0,639545000,39237837000,41175254000,0,5773733,4966936,86.0267065531822,82228,https://acfrs-docs.s3.us-east-2.amazonaws.com/acfrs/General%20Purpose/CO/State%20of%20Colorado/CO%20State%20of%20Colorado%202020.pdf,-4942305000,11375438000,1085487000,0.6265715600167331,28.980025598197706,1.1491012282182331,14.838300082647269,0.44391503537122046,-26.061185512153468,0.14340018400372223,0.33332092541601627,-0.032640805828844315,-1.582902309752231,6.750234,8,6.750234,36.11227479690136,30.849774589170593
CT,Connecticut,149448,09,2022,Connecticut,General Purpose,97471207000,7972469000,48109469000,21004440000,721487000,40578862000,44357964000,-64629884000,3605942,3110153,86.2507293513155,83628,https://acfrs-docs.s3.us-east-2.amazonaws.com/acfrs/General%20Purpose/CT/State%20of%20Connecticut/CT%20State%20of%20Connecticut%202022.pdf,-4193367000,36132877000,20916477000,2.0260295743442938,CT,149448,2020,General Purpose,97821884000,3388016000,37879536000,0,728321000,37155281000,35717659000,-64317606000,3605942,3110153,86.2507293513155,83628,https://acfrs-docs.s3.us-east-2.amazonaws.com/acfrs/General%20Purpose/CT/State%20of%20Connecticut/CT%20State%20of%20Connecticut%202020.pdf,-4825638000,39840819000,23023169000,2.5824467332440397,-0.35848522402206034,1.3531379426779566,9.214251400763192,-0.09150312886987887,-9.306892009423802,0.2419056915236242,0.2700648973102522,-0.21546123361885616,0.13102329681588218,12.14592,9,12.14592,36.491226688711805,34.24305589219061
DE,Delaware,32212,10,2022,Delaware,General Purpose,17470769000,2150773500,19049452000,6308650000,226132200,11455407000,13284872000,-6950619000,989957,817817,82.6121170000849,71636,https://acfrs-docs.s3.us-east-2.amazonaws.com/acfrs/General%20Purpose/DE/State%20of%20Delaware/DE%20State%20of%20Delaware%202022.pdf,-321308500,-823054000,9319243000,0.9171271173574966,DE,32212,2020,General Purpose,15909284000,1987209000,14570384000,3812406000,212001100,10343377000,10496375000,-8420152000,989957,817817,82.6121170000849,71636,https://acfrs-docs.s3.us-east-2.amazonaws.com/acfrs/General%20Purpose/DE/State%20of%20Delaware/DE%20State%20of%20Delaware%202020.pdf,-1834211000,1830072000,7347246000,1.0918918815042897,9.81492944622775,0.08230865500307215,10.751130892744216,0.2683994792062223,-144.97385895199753,0.2656628597968346,0.30740905661786266,-0.16005683997395534,0.8248246793853051,13.92317,10,13.92317,30.336232440120853,5.177177759464833
FL,Florida,32221,12,2022,Florida,General Purpose,61828638000,11499144000,204321276000,10258964000,811959000,107066144000,132913030000,8890639000,21538226,19714806,91.534194591216007,63054,https://acfrs-docs.s3.us-east-2.amazonaws.com/acfrs/General%20Purpose/FL/State%20of%20Florida/FL%20State%20of%20Florida%202022.pdf,14347742000,3506978000,7283350000,0.3026049915624059,FL,32221,2020,General Purpose,72860317000,9369672000,169933513000,0,805146000,104272398000,105839544000,-14704895000,21538226,19714806,91.534194591216007,63054,https://acfrs-docs.s3.us-east-2.amazonaws.com/acfrs/General%20Purpose/FL/State%20of%20Florida/FL%20State%20of%20Florida%202020.pdf,-7802526000,8789980000,9146494000,0.4287577871705624,-15.1408605592534,0.22727284370253303,2.679276638482986,-0.20370034682141594,-60.102548583728286,0.2557974550608419,0.20236010185936662,-0.2942285816909774,2.838858595280554,-7.396878,12,-7.396878,45.42861683229759,-15.62363662804789
GA,Georgia,1265711,13,2022,Georgia,General Purpose,40723358000,15133639000,87837882000,42437008000,728599000,65650334000,77881358000,0,10711937,7933986,74.0669729426354,66507,https://acfrs-docs.s3.us-east-2.amazonaws.com/acfrs/General%20Purpose/GA/State%20of%20Georgia/GA%20State%20of%20Georgia%202022.pdf,-2902615000,3444652000,4732067000,0.46361953490636304,GA,1265711,2020,General Purpose,42898593000,14141466000,67357098000,0,682156000,65496453000,65986964000,-10629743000,10711937,7933986,74.0669729426354,66507,https://acfrs-docs.s3.us-east-2.amazonaws.com/acfrs/General%20Purpose/GA/State%20of%20Georgia/GA%20State%20of%20Georgia%202020.pdf,-13650955000,7781239000,5370461000,0.6368830349549798,-5.070644158422632,0.0701605477112486,0.23494554735658738,-0.11887135946057517,-55.73131733905101,0.18025369374472205,0.30406274332068167,-0.2720491684330459,0.7873690888293163,-7.357549,13,-7.357549,15.881460276992584,-7.254350671384948
HI,Hawaii,71062,15,2022,Hawaii,General Purpose,28246474000,2752439000,28081002000,3753629000,292276000,16304638000,18691011000,-9930288000,1455273,1252450,86.0630081957244,85547,https://acfrs-docs.s3.us-east-2.amazonaws.com/acfrs/General%20Purpose/HI/State%20of%20Hawaii/HI%20State%20of%20Hawaii%202022.pdf,-366066000,6323283000,5415988000,1.0058926672203505,HI,71062,2020,General Purpose,28421578000,2708675000,23375459000,0,262056000,15459241000,14507982000,0,1455273,1252450,86.0630081957244,85547,https://acfrs-docs.s3.us-east-2.amazonaws.com/acfrs/General%20Purpose/HI/State%20of%20Hawaii/HI%20State%20of%20Hawaii%202020.pdf,-3659934000,7226416000,6977722000,1.2158725097120018,-0.6160952780313605,0.016156977119809502,5.468554374694075,-0.22381717127738823,-12.497661357995444,0.2883260401067495,0.2013026995534077,-0.172698897963725,0.8999801635767203,31.81241,15,31.81241,36.173681833291496,38.89427504968734
ID,Idaho,32673,16,2022,Idaho,General Purpose,4430518000,2313910000,24354114000,4205616000,94466000,12540092000,14519523000,4339725000,1839092,1273437,69.2421752742909,66318,https://acfrs-docs.s3.us-east-2.amazonaws.com/acfrs/General%20Purpose/ID/State%20of%20Idaho/ID%20State%20of%20Idaho%202022.pdf,-334479000,23641000,108492000,0.18192072189528224,ID,32673,2020,General Purpose,4075441000,1895009000,19585991000,0,81981000,10795096000,11883210000,1749855000,1839092,1273437,69.2421752742909,66318,https://acfrs-docs.s3.us-east-2.amazonaws.com/acfrs/General%20Purpose/ID/State%20of%20Idaho/ID%20State%20of%20Idaho%202020.pdf,-806895000,301989000,117490000,0.20807938694549588,8.712603126876331,0.22105488681056396,16.16471034625352,-0.07658524129713166,-92.17156916311521,0.22185192384885902,0.24344558312111958,-0.12571483141223216,0.585473946424256,-36.79051,16,-36.79051,7.719941809868189,-7.712443647292645
IL,Illinois,1267369,17,2022,Illinois,General Purpose,247942779000,26518751000,76209709000,45363713000,440683000,104891623000,122045622000,0,12812545,11137590,86.9274774306482,72215,https://acfrs-docs.s3.us-east-2.amazonaws.com/acfrs/General%20Purpose/IL/State%20of%20Illinois/IL%20State%20of%20Illinois%202022.pdf,-9364752000,139846404000,46611408000,3.2534277095848774,IL,1267369,2020,General Purpose,263404811000,25778585000,59058929000,0,401594000,97869427000,91181741000,-219366559000,12812545,11137590,86.9274774306482,72215,https://acfrs-docs.s3.us-east-2.amazonaws.com/acfrs/General%20Purpose/IL/State%20of%20Illinois/IL%20State%20of%20Illinois%202020.pdf,-32466271000,143346569000,58996493000,4.460033655537505,-5.87006438542233,0.02871243708683002,7.175066019340239,-0.20992917324763694,-2.4417501056478024,0.3384875158284157,0.2904011347716786,-0.27053740826698147,0.7115544313666328,13.20919,17,13.20919,37.63599841319325,6.580541955499541
IN,Indiana,196751,18,2022,Indiana,General Purpose,18375927000,7430648000,43652718000,21108069000,209060000,46841886000,51798359000,4581626000,6785668,4829686,71.1762739760266,62723,https://acfrs-docs.s3.us-east-2.amazonaws.com/acfrs/General%20Purpose/IN/State%20of%20Indiana/IN%20State%20of%20Indiana%202022.pdf,-2474175000,9730464000,60843000,0.42095722424431853,IN,196751,2020,General Purpose,19776175000,6709986000,35264677000,0,194149000,41616996000,42536473000,9320351000,6785668,4829686,71.1762739760266,62723,https://acfrs-docs.s3.us-east-2.amazonaws.com/acfrs/General%20Purpose/IN/State%20of%20Indiana/IN%20State%20of%20Indiana%202020.pdf,-5790509000,11792876000,190159000,0.5607927445358425,-7.080479415255983,0.1074014163367852,12.554702410524776,-0.6800414390063052,-17.48862618414711,0.21773986761901956,0.23785957262560495,-0.24935329790556254,0.5727189095120999,-20.25634,18,-20.25634,10.991619371607989,-16.425905278976202
IA,Iowa,1036991,19,2022,Iowa,General Purpose,9689205000,59175000,36381382000,13069040000,591363000,27434877000,31029959000,6382850000,3190372,2014831,63.1535411734505,65645,https://acfrs-docs.s3.us-east-2.amazonaws.com/acfrs/General%20Purpose/IA/State%20of%20Iowa/IA%20State%20of%20Iowa%202022.pdf,3535907000,158854000,453731000,0.2663231704611991,IA,1036991,2020,General Purpose,9758958000,3087152000,29784820000,0,549822000,25493401000,26729140000,0,3190372,2014831,63.1535411734505,65645,https://acfrs-docs.s3.us-east-2.amazonaws.com/acfrs/General%20Purpose/IA/State%20of%20Iowa/IA%20State%20of%20Iowa%202020.pdf,-1851413000,1078093000,456472000,0.32764871501657555,-0.7147586863269624,-0.9808318476058192,7.61560217093043,-0.006004749469847,-85.26527859841406,0.1609037552274409,0.22147395888241056,-0.1871685794716883,2.9098423744458963,-9.611277,19,-9.611277,-2.5794537439816096,-9.343642445101558
KS,Kansas,33447,20,2022,Kansas,General Purpose,10127943000,3327238000,26284361000,10132140000,117062000,21094701000,23645197000,0,2937847,2124059,72.2990387626452,64128,https://acfrs-docs.s3.us-east-2.amazonaws.com/acfrs/General%20Purpose/KS/State%20of%20Kansas/KS%20State%20of%20Kansas%202022.pdf,-776742000,1688067000,51820000,0.3853220171492851,KS,33447,2020,General Purpose,9981002000,2543938000,21604949000,0,119287000,17141566000,17602156000,-2117921000,2937847,2124059,72.2990387626452,64128,https://acfrs-docs.s3.us-east-2.amazonaws.com/acfrs/General%20Purpose/KS/State%20of%20Kansas/KS%20State%20of%20Kansas%202020.pdf,-2083348000,1904166000,49824000,0.46197757745227724,1.472206898666086,0.3079084474543012,23.061691096367742,0.04006101477199743,-11.348747955797972,0.34331254648578274,0.21658981930482687,-0.16592917934617885,0.6271664647480881,-21.07362,20,-21.07362,12.890862857059446,-13.020505114159683
KY,Kentucky,90208,21,2022,Kentucky,General Purpose,38790928000,3063688000,41179616000,11046129000,275672000,32938645000,41145939000,0,4505893,2644856,58.6984524070561,55532,https://acfrs-docs.s3.us-east-2.amazonaws.com/acfrs/General%20Purpose/KY/Commonwealth%20of%20Kentucky/KY%20Commonwealth%20of%20Kentucky%202022.pdf,5143606000,25034578000,2761751000,0.9419934367527857,KY,90208,2020,General Purpose,41600354000,3746164000,34787679000,0,266573000,30955535000,33658968000,-37570773000,4505893,2644856,58.6984524070561,55532,https://acfrs-docs.s3.us-east-2.amazonaws.com/acfrs/General%20Purpose/KY/Commonwealth%20of%20Kentucky/KY%20Commonwealth%20of%20Kentucky%202020.pdf,-1042731000,25870784000,3017085000,1.195835859012037,-6.753370416030595,-0.182179957951654,6.406317965430092,-0.08462936907644299,-3.2322406618987656,0.22243614242718315,0.18374140453578405,-0.21227196052555924,5.932821600201778,-27.18871,21,-27.18871,-10.115581005476145,-33.855252314702604
LA,Louisiana,90240,22,2022,Louisiana,General Purpose,37973068000,14376799000,47787993000,29123232000,237696000,40152271000,43813677000,0,4657749,3332237,71.5416669439818,52090,https://acfrs-docs.s3.us-east-2.amazonaws.com/acfrs/General%20Purpose/LA/State%20of%20Louisiana/LA%20State%20of%20Louisiana%202022.pdf,-10715393000,4890631000,6858087000,0.7946152499017902,LA,90240,2020,General Purpose,31993734000,6912535000,35590888000,0,233104000,35858161000,36341565000,-15151177000,4657749,3332237,71.5416669439818,52090,https://acfrs-docs.s3.us-east-2.amazonaws.com/acfrs/General%20Purpose/LA/State%20of%20Louisiana/LA%20State%20of%20Louisiana%202020.pdf,-6429131000,6614130000,5780776000,0.8989304790596964,18.689078305145625,1.0798157260686565,11.975265546942019,0.18636096607099117,-26.057833758937303,0.2056078762706009,0.34270302556092447,-0.11604371148592321,-0.6666938346722131,-20.39682,22,-20.39682,11.60970984103632,-42.197876775413256
ME,Maine,33873,23,2022,Maine,General Purpose,8461350000,1504499000,11874823000,5295537000,72214000,12941312000,13568956000,NA,1362341,526309,38.6321813853764,64823,https://acfrs-docs.s3.us-east-2.amazonaws.com/acfrs/General%20Purpose/ME/State%20of%20Maine/ME%20State%20of%20Maine%202022.pdf,-876855000,1393739000,2577091000,0.712545357518171,ME,33873,2020,General Purpose,8836880000,1208211000,9578288000,0,62720000,10662879000,10625590000,0,1362341,526309,38.6321813853764,64823,https://acfrs-docs.s3.us-east-2.amazonaws.com/acfrs/General%20Purpose/ME/State%20of%20Maine/ME%20State%20of%20Maine%202020.pdf,-1245500000,2383150000,2445774000,0.922594935545893,-4.249576773702936,0.24522868935972275,21.367896981668835,0.05369138767523083,-41.516941862660765,0.27700730030050097,0.23976466358079856,-0.2276725894917655,0.2959815335206744,4.379831,23,4.379831,-44.05923061886098,-11.335983324446168
MD,Maryland,149463,24,2022,Maryland,General Purpose,60368151000,8761664000,69053742000,48636608000,413728000,55790349000,66355161000,-26406024000,6177213,5288760,85.6170992018421,90129,https://acfrs-docs.s3.us-east-2.amazonaws.com/acfrs/General%20Purpose/MD/State%20of%20Maryland/MD%20State%20of%20Maryland%202022.pdf,1803148000,13366859000,13434828000,0.8742198359069375,MD,149463,2020,General Purpose,65583150000,6958216000,53228856000,0,353144000,50513435000,50630119000,0,6177213,5288760,85.6170992018421,90129,https://acfrs-docs.s3.us-east-2.amazonaws.com/acfrs/General%20Purpose/MD/State%20of%20Maryland/MD%20State%20of%20Maryland%202020.pdf,-6841532000,18912696000,17257184000,1.232097680250727,-7.951736078550664,0.25918252609576936,10.446555455989085,-0.2214936110086095,-29.323355062652094,0.31058670827931495,0.2972990063885649,-0.29046223370127827,1.2635590975822375,26.2639,24,26.2639,35.41939227787559,50
MA,Massachusetts,149462,25,2022,Massachusetts,General Purpose,119941152000,5731466000,60764752000,39452848000,1001576000,83357551000,91731184000,-72863652000,7029949,6416895,91.279811696212093,89577,https://acfrs-docs.s3.us-east-2.amazonaws.com/acfrs/General%20Purpose/MA/Commonwealth%20of%20Massachusetts/MA%20Commonwealth%20of%20Massachusetts%202022.pdf,2642167000,34806645000,15217822000,1.9738606355210666,MA,149462,2020,General Purpose,113588290000,5526424000,36509273000,0,906461000,80602774000,76583475000,0,7029949,6416895,91.279811696212093,89577,https://acfrs-docs.s3.us-east-2.amazonaws.com/acfrs/General%20Purpose/MA/Commonwealth%20of%20Massachusetts/MA%20Commonwealth%20of%20Massachusetts%202020.pdf,-9545723000,41643152000,17486660000,3.1112175254763357,5.5928846186521515,0.03710211160055761,3.417719841751352,-0.12974678983865415,-16.41688170002117,0.19779344042562708,0.6643648861482396,-0.3655664962806279,1.2767906632111574,32.67723,25,32.67723,44.998308488195065,48.66207765766639
MI,Michigan,80814,26,2022,Michigan,General Purpose,35770264000,8107624000,71294762000,42575463000,443400000,76703213000,87300038000,0,10077325,7404258,73.4743951548282,63444,https://acfrs-docs.s3.us-east-2.amazonaws.com/acfrs/General%20Purpose/MI/State%20of%20Michigan/MI%20State%20of%20Michigan%202022.pdf,2489201000,4680400000,5539800000,0.5017235908579091,MI,80814,2020,General Purpose,35977177000,7131778000,49761974000,0,428800000,90012294000,88274088000,0,10077325,7404258,73.4743951548282,63444,https://acfrs-docs.s3.us-east-2.amazonaws.com/acfrs/General%20Purpose/MI/State%20of%20Michigan/MI%20State%20of%20Michigan%202020.pdf,-8869984000,7540000000,9691000000,0.7229853261046276,-0.5751229453050194,0.13683067532388138,-14.785848030936751,-0.42835620678980496,-37.92572944297083,-0.011034381912844005,0.43271571180033974,-0.3060390401543204,1.2806319605537055,-1.175974,26,-1.175974,14.879069111425707,-14.678365407920893
MN,Minnesota,34704,27,2022,Minnesota,General Purpose,22917985000,8517624000,60650937000,37335704000,567430000,51379767000,62108831000,7470168000,5706504,4101754,71.878705208487,77712,https://acfrs-docs.s3.us-east-2.amazonaws.com/acfrs/General%20Purpose/MN/State%20of%20Minnesota/MN%20State%20of%20Minnesota%202022.pdf,2211440000,1692383000,721365000,0.3778669569441277,MN,34704,2020,General Purpose,23927324000,6463164000,48199480000,26252284000,527476000,50004800000,49990315000,0,5706504,4101754,71.878705208487,77712,https://acfrs-docs.s3.us-east-2.amazonaws.com/acfrs/General%20Purpose/MN/State%20of%20Minnesota/MN%20State%20of%20Minnesota%202020.pdf,-6477649000,3107663000,630967000,0.4964228659728279,-4.21835304273892,0.31787217529989953,2.749670031676959,0.1432689823715028,-45.54161760782942,0.24241727622640505,0.2583317703842448,-0.23882040323901896,1.341395466163727,1.995261,27,1.995261,12.179836136266154,19.90401861457171
MS,Mississippi,95852,28,2022,Mississippi,General Purpose,13476906000,3301950000,33540395000,13222254000,131316000,20184345000,22623122000,NA,2961288,1370790,46.2904711106248,48871,https://acfrs-docs.s3.us-east-2.amazonaws.com/acfrs/General%20Purpose/MS/State%20of%20Mississippi/MS%20State%20of%20Mississippi%202022.pdf,-863173000,2601904000,143450000,0.40181118916458797,MS,95852,2020,General Purpose,13060607000,2672089000,27973925000,0,126506000,20046462000,20501316000,0,2961288,1370790,46.2904711106248,48871,https://acfrs-docs.s3.us-east-2.amazonaws.com/acfrs/General%20Purpose/MS/State%20of%20Mississippi/MS%20State%20of%20Mississippi%202020.pdf,-2217235000,3151705000,193113000,0.466885036690418,3.187439909952118,0.23571857075119879,0.6878171320206029,-0.2571706720935411,-17.44455778697562,0.10349608776334163,0.19898780739563718,-0.13937873868718384,0.6106984600188974,-19.78266,28,-19.78266,-31.104641159226688,-50
MO,Missouri,148599,29,2022,Missouri,General Purpose,20075010000,5126640000,57445965000,22741111000,198906000,33533714000,38527813000,-1667558,6154920,4275663,69.4674806938782,61815,https://acfrs-docs.s3.us-east-2.amazonaws.com/acfrs/General%20Purpose/MO/State%20of%20Missouri/MO%20State%20of%20Missouri%202022.pdf,-132541000,6458736000,3177080000,0.3494590090008933,MO,148599,2020,General Purpose,19395710000,3812318000,47374256000,0,195681000,31416824000,32418542000,-7300465,6154920,4275663,69.4674806938782,61815,https://acfrs-docs.s3.us-east-2.amazonaws.com/acfrs/General%20Purpose/MO/State%20of%20Missouri/MO%20State%20of%20Missouri%202020.pdf,-2810600000,7102432000,2966040000,0.40941455629403445,3.5023208740489524,0.3447566546127579,6.73807766182858,0.0711521085352861,-9.063036435970101,0.1884499000602803,0.21259877938769106,-0.1464421486032415,0.9528424535686331,-20.98018,29,-20.98018,8.101063355082317,-18.62669058122061
MT,Montana,64951,30,2022,Montana,General Purpose,4907686000,2097687000,18193420000,6940337000,110898000,8019855000,9695767000,0,1084197,579177,53.4185247527035,63357,https://acfrs-docs.s3.us-east-2.amazonaws.com/acfrs/General%20Purpose/MT/State%20of%20Montana/MT%20State%20of%20Montana%202022.pdf,-421775000,1867384000,120548000,0.26975060214077395,MT,64951,2020,General Purpose,5140282000,2176914000,14971791000,0,111510000,7651126000,8213225000,-343398000,1084197,579177,53.4185247527035,63357,https://acfrs-docs.s3.us-east-2.amazonaws.com/acfrs/General%20Purpose/MT/State%20of%20Montana/MT%20State%20of%20Montana%202020.pdf,-1614815000,2215027000,46410000,0.3433311351995229,-4.524965750906274,-0.03639418001813576,4.81927758084235,1.5974574445162681,-15.694752253584268,0.18050668281947713,0.2151799340506423,-0.21431360431668534,0.7388090895861136,-19.90665,30,-19.90665,-19.04698704946586,-14.889233603179989
NE,Nebraska,35432,31,2022,Nebraska,General Purpose,4658981000,3931094000,24270224000,4168064000,144018000,11734710000,13311159000,3359612000,1961489,1432003,73.005357113725,66949,https://acfrs-docs.s3.us-east-2.amazonaws.com/acfrs/General%20Purpose/NE/State%20of%20Nebraska/NE%20State%20of%20Nebraska%202022.pdf,-2354645000,-533298000,24606000,0.19196283478883425,NE,35432,2020,General Purpose,3728215000,2771920000,18858875000,0,135694000,10762105000,11108805000,1017701000,1961489,1432003,73.005357113725,66949,https://acfrs-docs.s3.us-east-2.amazonaws.com/acfrs/General%20Purpose/NE/State%20of%20Nebraska/NE%20State%20of%20Nebraska%202020.pdf,-2425220000,254485000,14816000,0.19769021216801108,24.96545934180298,0.4181845074893936,9.03731193851017,0.6607721382289417,-309.559698999941,0.1982530074116883,0.2869391201755142,-0.028971476717872636,0.029100452742431615,-24.75097,31,-24.75097,14.085654983541431,-6.183043288574339
NV,Nevada,35504,32,2022,Nevada,General Purpose,11951377000,5596195000,25409855000,11184236000,117552000,18913683000,21329663000,-492488000,3104624,2921203,94.0923090599991,66194,https://acfrs-docs.s3.us-east-2.amazonaws.com/acfrs/General%20Purpose/NV/State%20of%20Nevada/NV%20State%20of%20Nevada%202022.pdf,-3180215000,1517054000,912584000,0.47034416371128446,NV,35504,2020,General Purpose,10676834000,4013010000,21296697000,0,118600000,17155807000,16771174000,0,3104624,2921203,94.0923090599991,66194,https://acfrs-docs.s3.us-east-2.amazonaws.com/acfrs/General%20Purpose/NV/State%20of%20Nevada/NV%20State%20of%20Nevada%202020.pdf,-4397643000,2290134000,810288000,0.5013375548330335,11.93746198545374,0.39451309615475666,10.246536347721795,0.12624647039077463,-33.756976665994216,0.2718050030367582,0.19313595906445022,-0.06182140321020074,0.276836478086102,-2.59005,32,-2.59005,49.75586533330157,-8.012991419845847
NH,New Hampshire,35545,33,2022,New Hampshire,General Purpose,6359392000,1850146000,9970800000,3959191000,99027000,8466999000,9714109000,-1643056000,1377518,803420,58.323273049061,88268,https://acfrs-docs.s3.us-east-2.amazonaws.com/acfrs/General%20Purpose/NH/State%20of%20New%20Hampshire/NH%20State%20of%20New%20Hampshire%202022.pdf,-603036000,850545000,2022441000,0.6378015806153969,NH,35545,2020,General Purpose,6048361000,1671862000,8307536000,0,106978000,8845705000,8682854000,-2992914000,1377518,803420,58.323273049061,88268,https://acfrs-docs.s3.us-east-2.amazonaws.com/acfrs/General%20Purpose/NH/State%20of%20New%20Hampshire/NH%20State%20of%20New%20Hampshire%202020.pdf,-1834713000,941421000,1793348000,0.7280571519641925,5.142401387747855,0.10663798806360812,-4.281241574300748,0.12774598125963282,-9.653067012526808,0.11876912821521587,0.2002114706454477,-0.12396770103184777,0.6713186204054803,0.5663683,33,0.5663683,-10.750225910660646,45.48935963934268
NJ,New Jersey,40624,34,2022,New Jersey,General Purpose,224574201619,12009053193,75792318349,43336250589,627200000,82409829204,97350659517,-204246015529,9289031,8708779,93.7537369493403,89227,https://acfrs-docs.s3.us-east-2.amazonaws.com/acfrs/General%20Purpose/NJ/State%20of%20New%20Jersey/NJ%20State%20of%20New%20Jersey%202022.pdf,2931777120,75073670300,88854449562,2.963020613578619,NJ,40624,2020,General Purpose,213903087870,7930629785,54675275295,0,491700000,75507590895,73616040355,-216321336700,9289031,8708779,93.7537369493403,89227,https://acfrs-docs.s3.us-east-2.amazonaws.com/acfrs/General%20Purpose/NJ/State%20of%20New%20Jersey/NJ%20State%20of%20New%20Jersey%202020.pdf,-9822180325,90811867346,65491562252,3.9122452830074956,4.9887609642575095,0.5142622362367657,9.141118432182765,0.35673125677020384,-17.33055106777652,0.32241097249382206,0.386226551948082,-0.24262913001691214,1.2984853691331513,11.34622,34,11.34622,49.1831444186558,47.81375733191139
NM,New Mexico,82166,35,2022,New Mexico,General Purpose,16422831000,4767930000,65514848000,21422569000,205063000,25736568000,31553149000,-5874499000,2117527,1578552,74.5471357558505,54304,https://acfrs-docs.s3.us-east-2.amazonaws.com/acfrs/General%20Purpose/NM/State%20of%20New%20Mexico/NM%20State%20of%20New%20Mexico%202022.pdf,1048651000,4995027000,1179892000,0.2506734198635399,NM,82166,2020,General Purpose,14617951000,3134067000,47762954000,12259898000,182688000,21701968000,23558395000,0,2117527,1578552,74.5471357558505,54304,https://acfrs-docs.s3.us-east-2.amazonaws.com/acfrs/General%20Purpose/NM/State%20of%20New%20Mexico/NM%20State%20of%20New%20Mexico%202020.pdf,-1277640000,5598463000,1159319000,0.30605207123495753,12.347010877242646,0.5213235709383367,18.590940692567607,0.017745762814203855,-10.778601198221727,0.33935902679278446,0.37166658494363647,-0.18094519389448335,1.820771891925738,7.150143,35,7.150143,16.693692817435277,-36.831644771923024
NY,New York,42220,36,2022,New York,General Purpose,245485000000,81459000000,260647000000,43768000000,1752000000,278723000000,298881000000,0,20201230,17665166,87.4459099038876,74230,https://acfrs-docs.s3.us-east-2.amazonaws.com/acfrs/General%20Purpose/NY/State%20of%20New%20York/NY%20State%20of%20New%20York%202022.pdf,-61301000000,513000000,67712000000,0.9418293707581519,NY,42220,2020,General Purpose,188872000000,42103000000,177327000000,0,1358000000,191143000000,189989000000,0,20201230,17665166,87.4459099038876,74230,https://acfrs-docs.s3.us-east-2.amazonaws.com/acfrs/General%20Purpose/NY/State%20of%20New%20York/NY%20State%20of%20New%20York%202020.pdf,-43257000000,4222000000,66005000000,1.0651057086625275,29.974268287517475,0.9347552430943163,45.819098789911216,0.025861677145670784,-87.84936049265751,0.5731489717825768,0.4698664050031862,-0.1157409418631095,-0.4171347989920706,19.90219,36,19.90219,38.512967043828525,11.464443259489066
NC,North Carolina,40620,37,2022,North Carolina,General Purpose,31504536000,12160266000,109276007000,39435502000,598458000,68227210000,79555030000,0,10439414,6964727,66.7158553738974,61997,https://acfrs-docs.s3.us-east-2.amazonaws.com/acfrs/General%20Purpose/NC/State%20of%20North%20Carolina/NC%20State%20of%20North%20Carolina%202022.pdf,-832446000,1471285000,6394259000,0.28830240841431914,NC,40620,2020,General Purpose,29040557000,9927529000,85957987000,0,619350000,57168095000,59639395000,-691590000,10439414,6964727,66.7158553738974,61997,https://acfrs-docs.s3.us-east-2.amazonaws.com/acfrs/General%20Purpose/NC/State%20of%20North%20Carolina/NC%20State%20of%20North%20Carolina%202020.pdf,-7456229000,2660223000,6121923000,0.33784594094787257,8.484613432173495,0.22490359887138078,19.344907329866423,0.04448536840466631,-44.693170459769725,0.33393422250510757,0.2712722902643125,-0.14664533898069732,0.8883556285623738,-4.815506,37,-4.815506,3.4464762806908595,-18.18556401182801
ND,North Dakota,1241002,38,2022,North Dakota,General Purpose,9629813391,5106600721,40117070762,6023232465,91822000,9571845154,10069386442,0,779091,474989,60.9668409716928,67603,https://acfrs-docs.s3.us-east-2.amazonaws.com/acfrs/General%20Purpose/ND/State%20of%20North%20Dakota/ND%20State%20of%20North%20Dakota%202022.pdf,-4609059433,503250082,28401715,0.2400427849812411,ND,1241002,2020,General Purpose,8078745996,2831570421,34196932678,0,0,8356617731,9740177279,11530316125,779091,474989,60.9668409716928,67603,https://acfrs-docs.s3.us-east-2.amazonaws.com/acfrs/General%20Purpose/ND/State%20of%20North%20Dakota/ND%20State%20of%20North%20Dakota%202020.pdf,-1448010873,856413328,40443754,0.23624183116274988,19.199358362894124,0.8034517817842398,14.542096600780841,-0.29774780550786656,-41.23747663114369,0.0337990935452254,0.17311897940509202,0.01608924973102114,-2.183028193324899,-37.06978,38,-37.06978,-6.278426282416312,-4.597896165592132
OH,Ohio,36835,39,2022,Ohio,General Purpose,53399275000,17360425000,96693208000,41886308000,626690000,84391716000,92740138000,1104765000,11799374,9001099,76.2840685428674,62286,https://acfrs-docs.s3.us-east-2.amazonaws.com/acfrs/General%20Purpose/OH/State%20of%20Ohio/OH%20State%20of%20Ohio%202022.pdf,-9012003000,2121734000,-285941000,0.5522546630162483,OH,36835,2020,General Purpose,55081480000,11508828000,83340781000,0,561516000,79045522000,79125001000,0,11799374,9001099,76.2840685428674,62286,https://acfrs-docs.s3.us-east-2.amazonaws.com/acfrs/General%20Purpose/OH/State%20of%20Ohio/OH%20State%20of%20Ohio%202020.pdf,-11429349000,4601354000,-2669591000,0.6609186923746251,-3.0540301386237263,0.5084442134333748,6.763436896526535,0.8928895849588945,-53.8889205220898,0.17207123953148512,0.1602148052824223,-0.16441361185890527,0.21150338483845404,-12.10644,39,-12.10644,19.63184898311266,-17.485093799990302
OK,Oklahoma,37320,40,2022,Oklahoma,General Purpose,9140042000,5139232000,38667150000,17033001000,190316000,26823206000,30489530000,8800425000,3959346,2558611,64.6219470706451,55829,https://acfrs-docs.s3.us-east-2.amazonaws.com/acfrs/General%20Purpose/OK/State%20of%20Oklahoma/OK%20State%20of%20Oklahoma%202022.pdf,-1472908000,-1012092000,53172000,0.2363774418337012,OK,37320,2020,General Purpose,7276923000,4097748000,29968762000,0,177538000,22793625000,23510595000,0,3959346,2558611,64.6219470706451,55829,https://acfrs-docs.s3.us-east-2.amazonaws.com/acfrs/General%20Purpose/OK/State%20of%20Oklahoma/OK%20State%20of%20Oklahoma%202020.pdf,-3380778000,282728000,120911000,0.24281693718279054,25.603115492633354,0.2541600898835165,17.678543891109904,-0.5602385225496439,-457.97374154664556,0.29684212585857567,0.2902484927472146,-0.026519959537426058,0.5643286841076226,-36.86855,40,-36.86855,-0.09553158371819137,-33.1353919239905
OR,Oregon,37525,41,2022,Oregon,General Purpose,23903290000,3434804000,52967190000,27554509000,343425000,42044408000,47148999000,0,4237291,3410984,80.4998329107328,71441,https://acfrs-docs.s3.us-east-2.amazonaws.com/acfrs/General%20Purpose/OR/State%20of%20Oregon/OR%20State%20of%20Oregon%202022.pdf,1669787000,2894714000,-32251000,0.45128484256008294,OR,37525,2020,General Purpose,24144226000,5709342000,43587406000,0,298326000,35844029000,35294208000,0,4237291,3410984,80.4998329107328,71441,https://acfrs-docs.s3.us-east-2.amazonaws.com/acfrs/General%20Purpose/OR/State%20of%20Oregon/OR%20State%20of%20Oregon%202020.pdf,-6259163000,3852015000,83701000,0.5539266548690693,-0.9979031839745038,-0.39838881608423526,17.29822001873729,-1.385312003440819,-24.851954107136134,0.33588488513469406,0.2151948202652849,-0.18529856147335544,1.2667748067912594,10.60454,41,10.60454,26.763140512107356,4.704542149401327
PA,Pennsylvania,37697,42,2022,Pennsylvania,General Purpose,76883947000,20465022000,98197157000,44944395000,962177000,108003747000,124984855000,0,13002689,9941070,76.4538903458512,68931,https://acfrs-docs.s3.us-east-2.amazonaws.com/acfrs/General%20Purpose/PA/Commonwealth%20of%20Pennsylvania/PA%20Commonwealth%20of%20Pennsylvania%202022.pdf,-3483914000,12550399000,19492810000,0.7829549179310762,PA,37697,2020,General Purpose,79810308000,24454368000,80321348000,0,868402000,110869726000,109336712000,-49408849000,13002689,9941070,76.4538903458512,68931,https://acfrs-docs.s3.us-east-2.amazonaws.com/acfrs/General%20Purpose/PA/Commonwealth%20of%20Pennsylvania/PA%20Commonwealth%20of%20Pennsylvania%202020.pdf,-25987382000,15342810000,17054721000,0.9936375569792479,-3.6666454162788096,-0.16313429159158804,-2.5849969179142738,0.14295683875450088,-18.200127616779454,0.1431188364252256,0.22255364787951518,-0.21203167852135832,0.8659382464920861,-2.96776,42,-2.96776,19.919115699034506,-1.3791264724417118
RI,Rhode Island,38202,44,2022,Rhode Island,General Purpose,8946041000,2535018000,10912345000,5425541000,98630000,11750228000,12991181000,-4510563000,1097371,999191,91.0524987265111,73324,https://acfrs-docs.s3.us-east-2.amazonaws.com/acfrs/General%20Purpose/RI/State%20of%20Rhode%20Island/RI%20State%20of%20Rhode%20Island%202022.pdf,-1294065000,2830352000,192974000,0.8198092160759214,RI,38202,2020,General Purpose,9830412000,2218816000,8970164000,0,91960000,10307636000,10232146000,0,1097371,999191,91.0524987265111,73324,https://acfrs-docs.s3.us-east-2.amazonaws.com/acfrs/General%20Purpose/RI/State%20of%20Rhode%20Island/RI%20State%20of%20Rhode%20Island%202020.pdf,-2294306000,3673476000,418509000,1.0959010336934754,-8.99627604621251,0.14250933831376733,13.995371974718548,-0.5389011944784939,-22.951667575887253,0.2696438264270271,0.2165156623669311,-0.2519313415437266,0.4359666931961125,23.66751,44,23.66751,44.61379101667421,9.268505501963254
SC,South Carolina,38235,45,2022,South Carolina,General Purpose,18760755000,7784270000,48202033000,16641514000,215644000,32988241000,38147313000,-827664000,5118429,3477869,67.948030888408,59447,https://acfrs-docs.s3.us-east-2.amazonaws.com/acfrs/General%20Purpose/SC/State%20of%20South%20Carolina/SC%20State%20of%20South%20Carolina%202022.pdf,-2625198000,3671799000,4178946000,0.389210865857048,SC,38235,2020,General Purpose,15642105000,5251471000,39092758000,0,211882000,29178232000,31800560000,0,5118429,3477869,67.948030888408,59447,https://acfrs-docs.s3.us-east-2.amazonaws.com/acfrs/General%20Purpose/SC/State%20of%20South%20Carolina/SC%20State%20of%20South%20Carolina%202020.pdf,-2629143000,4024660000,3135126000,0.4001279469716616,19.93753398279835,0.48230276811963735,13.057710282103452,0.33294355633553485,-8.767473525713973,0.19957991305813483,0.23301694395672978,-0.027283975531423643,0.001500488942594602,-18.26597,45,-18.26597,5.530796475586683,-24.366183528043045
SD,South Dakota,38382,46,2022,South Dakota,General Purpose,2352102000,1518793000,10918634000,4488178000,72189000,5464720000,5795476000,1924385000,886677,507347,57.2195649550508,66843,https://acfrs-docs.s3.us-east-2.amazonaws.com/acfrs/General%20Purpose/SD/State%20of%20South%20Dakota/SD%20State%20of%20South%20Dakota%202022.pdf,-1188037000,-156577000,0,0.215420903384068,SD,38382,2020,General Purpose,2421365000,1637259000,9716432000,0,99061000,4629531000,5001397000,0,886677,507347,57.2195649550508,66843,https://acfrs-docs.s3.us-east-2.amazonaws.com/acfrs/General%20Purpose/SD/State%20of%20South%20Dakota/SD%20State%20of%20South%20Dakota%202020.pdf,-1265393000,-2196000,0,0.249203102538051,-2.8604939775705027,-0.07235629793453571,18.0404667341033,0,-7030.100182149363,0.1587714392598708,0.12372875145938345,-0.1355609091938363,0.06113199614665167,-32.0032,46,-32.0032,-12.617233526478401,-6.439963158660142
TN,Tennessee,38453,47,2022,Tennessee,General Purpose,11804020000,7597871000,65840759000,28858494000,349798000,39696980000,47122100000,0,6910786,4577282,66.2333667108485,59698,https://acfrs-docs.s3.us-east-2.amazonaws.com/acfrs/General%20Purpose/TN/State%20of%20Tennessee/TN%20State%20of%20Tennessee%202022.pdf,-172751000,-488630000,1176636000,0.17928134759199846,TN,38453,2020,General Purpose,9697381000,4732523000,50608538000,0,325088000,37393093000,39355553000,0,6910786,4577282,66.2333667108485,59698,https://acfrs-docs.s3.us-east-2.amazonaws.com/acfrs/General%20Purpose/TN/State%20of%20Tennessee/TN%20State%20of%20Tennessee%202020.pdf,-2770063000,960220000,1272523000,0.191615513572038,21.723793259231538,0.605458864119625,6.161263525325386,-0.07535187969097612,-150.8872966611818,0.19734310428823093,0.3009812494484626,-0.06436934959027987,0.9376364364276192,-29.205,47,-29.205,2.63030938534353,-23.757816665858744
TX,Texas,38611,48,2022,Texas,General Purpose,221174854000,41312562000,475449878000,114839703000,2168494000,200863596000,247834996000,-70068108000,29145428,24400697,83.7202752191118,66959,https://acfrs-docs.s3.us-east-2.amazonaws.com/acfrs/General%20Purpose/TX/State%20of%20Texas/TX%20State%20of%20Texas%202022.pdf,5658838000,30883865000,77666435000,0.465190684095622,TX,38611,2020,General Purpose,250250365000,36689788000,380361621000,0,2035843000,198789968000,199988664000,0,29145428,24400697,83.7202752191118,66959,https://acfrs-docs.s3.us-east-2.amazonaws.com/acfrs/General%20Purpose/TX/State%20of%20Texas/TX%20State%20of%20Texas%202020.pdf,-35491092000,67084585000,76983152000,0.6579274858017287,-11.61856886802143,0.12599620363028535,1.043125073595263,0.008875747254412238,-53.9627993524891,0.23924522041909335,0.24999435208527518,-0.2929453562367044,1.1594438965135252,-12.90278,48,-12.90278,32.210767786633525,-6.158805564981336
UT,Utah,39282,49,2022,Utah,General Purpose,6450339000,3096536000,46134874000,16867918000,231060000,18788083000,24377685000,0,3271614,2937303,89.7814107768149,79449,https://acfrs-docs.s3.us-east-2.amazonaws.com/acfrs/General%20Purpose/UT/State%20of%20Utah/UT%20State%20of%20Utah%202022.pdf,2493066000,-287085000,1659000,0.13981481774503166,UT,39282,2020,General Purpose,8052895000,2472354000,36807368000,0,210811000,16189477000,17241722000,2885425000,3271614,2937303,89.7814107768149,79449,https://acfrs-docs.s3.us-east-2.amazonaws.com/acfrs/General%20Purpose/UT/State%20of%20Utah/UT%20State%20of%20Utah%202020.pdf,-1420109000,730772000,18760000,0.2187848639435452,-19.90037123295411,0.252464655142427,16.051204124753383,-0.9115671641791044,-139.28516691936744,0.4138776277682705,0.2534140990466909,-0.3609483982351303,2.7555455250266,-26.28323,49,-26.28323,42.46364742768006,24.114111202675844
VT,Vermont,39343,50,2022,Vermont,General Purpose,7965341237,1870596466,7833710631,3855588836,47957346,7972305295,8614197245,0,643085,225850,35.1202111100226,72415,https://acfrs-docs.s3.us-east-2.amazonaws.com/acfrs/General%20Purpose/VT/State%20of%20Vermont/VT%20State%20of%20Vermont%202022.pdf,-1228704516,2512066064,2738757616,1.016803097816647,VT,39343,2020,General Purpose,7263223731,1806660294,6660063394,0,42012068,7420747690,7162262953,-3992919322,643085,225850,35.1202111100226,72415,https://acfrs-docs.s3.us-east-2.amazonaws.com/acfrs/General%20Purpose/VT/State%20of%20Vermont/VT%20State%20of%20Vermont%202020.pdf,-2065145031,2387778363,2237128790,1.0905637531233385,9.666747604143161,0.035389149920621435,7.432641939076627,0.2242288545220501,5.205160701927342,0.20272004833218807,0.17622163147235653,-0.06763534465128108,0.4050274931998226,27.77973,50,27.77973,-50,7.065296427359549
VA,Virginia,39392,51,2022,Virginia,General Purpose,35033174000,16777683000,83380609000,28736022000,347462000,64922221000,73504448000,0,8631384,6528313,75.6345238827615,80926,https://acfrs-docs.s3.us-east-2.amazonaws.com/acfrs/General%20Purpose/VA/Commonwealth%20of%20Virginia/VA%20Commonwealth%20of%20Virginia%202022.pdf,-8195456000,2823571000,1063130000,0.4201597280250136,VA,39392,2020,General Purpose,26563639000,8847384000,62882563000,0,338027000,53696012000,58156929000,0,8631384,6528313,75.6345238827615,80926,https://acfrs-docs.s3.us-east-2.amazonaws.com/acfrs/General%20Purpose/VA/Commonwealth%20of%20Virginia/VA%20Commonwealth%20of%20Virginia%202020.pdf,-4386467000,4559932000,1255256000,0.42243251121936615,31.88394105190181,0.8963439362414924,20.906969776451927,-0.15305722498040242,-38.07865994492901,0.2638983740011444,0.32597344990534183,-0.005380227927514544,-0.8683500867554685,3.601613,51,3.601613,18.53309394651123,27.694022977361968
WA,Washington,39528,53,2022,Washington,General Purpose,94852592000,12559167000,133313411000,45683717000,988504000,80919363000,82670407000,0,7705247,6424035,83.3718458807667,84155,https://acfrs-docs.s3.us-east-2.amazonaws.com/acfrs/General%20Purpose/WA/State%20of%20Washington/WA%20State%20of%20Washington%202022.pdf,-10808123000,-9922650000,6467340000,0.7115007506634122,WA,39528,2020,General Purpose,84090857000,9561046000,110548541000,0,910960000,74240928000,72609544000,0,7705247,6424035,83.3718458807667,84155,https://acfrs-docs.s3.us-east-2.amazonaws.com/acfrs/General%20Purpose/WA/State%20of%20Washington/WA%20State%20of%20Washington%202020.pdf,-11192430000,3338862000,5799742000,0.7606690802007057,12.797746846604262,0.31357667351459245,8.995624354264537,0.11510822377960951,-397.18658632791653,0.13856116490691636,0.20592646265679798,-0.0646382649394927,0.034336332682000245,12.43839,53,12.43839,31.621372608873216,35.52038392554171
WV,West Virginia,39745,54,2022,West Virginia,General Purpose,10321618000,750098000,25608674000,12526066000,94842000,16243713000,18927626000,744330000,1793755,800857,44.647926427595,51122,https://acfrs-docs.s3.us-east-2.amazonaws.com/acfrs/General%20Purpose/WV/State%20of%20West%20Virginia/WV%20State%20of%20West%20Virginia%202022.pdf,1933815000,749536000,-18945000,0.40305163789425413,WV,39745,2020,General Purpose,13162213000,463785000,22067965000,0,93744000,14668039000,14506334000,0,1793755,800857,44.647926427595,51122,https://acfrs-docs.s3.us-east-2.amazonaws.com/acfrs/General%20Purpose/WV/State%20of%20West%20Virginia/WV%20State%20of%20West%20Virginia%202020.pdf,-625490000,2901259000,1067763000,0.5964398167207534,-21.58143923062178,0.6173399312181291,10.742226687561985,-1.0177427013297895,-74.16514692414569,0.30478355179192756,0.16044565051648396,-0.32423753982380676,4.091680122783737,-35.57757,54,-35.57757,-33.88313254583533,-44.54408841921567
WI,Wisconsin,39818,55,2022,Wisconsin,General Purpose,28179045000,9503899000,65787156000,26468106000,2741890000,46518632000,52248197000,-2812180000,5893725,3953691,67.0831383517162,67150,https://acfrs-docs.s3.us-east-2.amazonaws.com/acfrs/General%20Purpose/WI/State%20of%20Wisconsin/WI%20State%20of%20Wisconsin%202022.pdf,-3774334000,-2293688000,1181238000,0.4283365737834905,WI,39818,2020,General Purpose,28548691000,10066495000,56779826000,0,2593896000,42320767000,44293015000,-7682356000,5893725,3953691,67.0831383517162,67150,https://acfrs-docs.s3.us-east-2.amazonaws.com/acfrs/General%20Purpose/WI/State%20of%20Wisconsin/WI%20State%20of%20Wisconsin%202020.pdf,-8094247000,-895288646,1073310646,0.5027963805313528,-1.2947914144294743,-0.05588797292404159,9.919160964166835,0.10055556087347335,-156.19536338898237,0.17960353342394958,0.15863609726454603,-0.14809137382646534,0.5337016525440847,-3.839976,55,-3.839976,4.067763848000837,-5.695865044355038
WY,Wyoming,40122,56,2022,Wyoming,General Purpose,10722590497,7412305944,33353716015,31462321705,60546496,4931335715,4565888495,0,576837,357750,62.017748083994,66508,https://acfrs-docs.s3.us-east-2.amazonaws.com/acfrs/General%20Purpose/WY/State%20of%20Wyoming/WY%20State%20of%20Wyoming%202022.pdf,-7777753164,343209946,513331130,0.3214811354806098,WY,40122,2020,General Purpose,10270669870,7145725573,30601334531,0,68787262,4726734280,4701674995,0,576837,357750,62.017748083994,66508,https://acfrs-docs.s3.us-east-2.amazonaws.com/acfrs/General%20Purpose/WY/State%20of%20Wyoming/WY%20State%20of%20Wyoming%202020.pdf,-7170784858,463995694,381732888,0.3356281687517754,4.400108588048698,0.037306270479693385,4.32860031641127,0.34473907315001895,-26.03165278512261,-0.028880452209989475,0.08994318470692059,-0.04215091159892635,-0.08464461255211737,-49.86651,56,-49.86651,-4.500735611457749,-7.251926899025648
