"","state.abb","state.name","geo_id","id","year","name","total_liabilities","net_pension_liability","net_opeb_liability","current_liabilities","net_pension_assets","net_opeb_assets","expenses","revenues","population","median_hh_income_21"
"1","AL","Alabama","0137000",31569,2022,"huntsville",1392121153,195197117,62796537,101586047,0,0,511722538,628227515,215052,70757
"2","FL","Florida","1245000",398462,2022,"miami",3111775783,1301418710,777314329,228491399,0,0,1213665001,1227856410,442260,48789
"3","OH","Ohio","3915000",36933,2022,"cincinnati",2670728000,955536000,78113000,128421000,0,139255000,739549000,1164707000,309561,42733
"4","TX","Texas","4845000",38693,2022,"lubbock",1921731747,99473975,154946406,142484404,0,0,783128409,943795736,257157,54747
"5","VA","Virginia","5157000",230389,2022,"norfolk",2142201352,38108794,116281900,265062165,0,0,854621404,1077165019,238001,58591
"6","VA","Virginia","5116000",230275,2022,"chesapeake",1015516870,69545639,46144784,64408805,0,101954,881782932,964023667,249415,88815
"7","VA","Virginia","5167000",230420,2022,"richmond",2499202932,257171812,24127873,338178896,0,0,1136065971,1333625718,226618,51770
"8","VA","Virginia","5182000",230476,2022,"virginia beach",2142426048,260062702,99991906,213021020,0,0,1611648398,1778892587,459471,81634
"9","OK","Oklahoma","4075000",37344,2022,"tulsa",1214772000,236765000,3211000,64654000,0,0,595755000,713325000,413123,51008
"10","CA","California","0648354",31888,2022,"modesto",758381147,249803716,29551870,102228811,0,0,351189192,433850844,218467,70469
"11","NC","North Carolina","3775000",36708,2022,"winston-salem",1160941196,89185304,1459209,53162489,0,0,408422629,493591689,249562,54228
"12","KS","Kansas","2079000",33468,2022,"wichita",1642844484,0,35568000,151871867,49328335,0,613313810,742562142,397547,56293
"13","MD","Maryland","2404000",33980,2022,"baltimore",8977765000,1284106000,102595000,1408246000,12630000,0,2753576000,3383352000,585693,54652
"14","NV","Nevada","3251800",35520,2022,"north las vegas",773407052,149081779,86225700,78396333,0,0,416998398,605379828,259520,67035
"15","TN","Tennessee","4748000",38563,2022,"memphis",4889827000,555464000,662704000,647971000,0,0,3063010000,3167317000,631539,44317
"16","OK","Oklahoma","4055000",125837,2022,"oklahoma city",2377773000,173541000,419069000,127420000,230032000,0,921587000,1155865000,681084,59214
"17","FL","Florida","1253000",148141,2022,"orlando",1568238037,130635034,271036950,123244285,0,0,978184721,1158430180,307683,54167
"18","NM","New Mexico","3502000",35917,2022,"albuquerque",2129715209,576889743,257870420,222446271,0,0,1169378012,1248211437,564581,58512
"19","AZ","Arizona","0465000",31637,2022,"scottsdale",1533417000,309646000,831000,214160000,0,0,681369000,958854000,241339,99097
"20","CA","California","0662000",31836,2022,"riverside",2363237000,0,48770000,219146000,140293000,0,874383000,1046226000,315014,76558
"21","CA","California","0669000",31826,2022,"santa ana",1403334770,498809640,54557539,243770826,0,0,547814505,657316282,310555,80265
"22","CA","California","0643000",31784,2022,"long beach",4933926000,1305415000,4165000,372234000,0,0,3682388000,2485542000,466775,73905
"23","CO","Colorado","0816000",31999,2022,"colorado springs",3731698820,56124000,63978000,367653659,80045963,0,1538570279,2177472250,479016,74579
"24","FL","Florida","1271000",32297,2022,"tampa",2035173450,139826968,70312514,213067690,0,0,1072267048,1151864558,384661,63404
"25","IL","Illinois","1714000",32795,2022,"chicago",73965305000,35436606000,1835039000,6226434000,0,0,13358525000,12848126000,2746352,66576
"26","NC","North Carolina","3728000",36710,2022,"greensboro",1236425979,62478040,118633659,167739658,0,0,627276857,665049342,299101,51825
"27","NE","Nebraska","3137000",35443,2022,"omaha",3372148632,975536427,505771438,207219201,0,0,931958486,1218859384,491743,62948
"28","NV","Nevada","3240000",35519,2022,"las vegas",1569744421,565585141,53751119,205304722,0,0,807790806,1237013085,644866,59746
"29","NV","Nevada","3231900",35518,2022,"henderson",951986142,69332241,276458484,114953208,0,0,538068636,825209974,317310,77924
"30","NC","North Carolina","3719000",36706,2022,"durham",1073941784,71632896,161244534,134348630,0,0,505749056,598435779,283588,71343
"31","NY","New York","3684000",36072,2022,"yonkers",3847030036,26278719,2595913992,256605370,306758536,0,1230146156,1429178934,211585,66395
"32","OH","Ohio","3916000",36922,2022,"cleveland",3610810000,613353000,77665000,650009000,7250000,60518000,1389344000,1878993000,372632,35562
"33","OR","Oregon","4159000",37572,2022,"portland",8413392207,4275718773,114572168,519532981,0,9210449,2094425083,2626078450,652518,79057
"34","TX","Texas","4819000",38669,2022,"dallas",12395558000,4029247000,221571000,866539000,0,0,2792371000,3660182000,1304317,57995
"35","CA","California","0613392",31856,2022,"chula vista",664878438,0,27450132,97471659,160773888,0,363028142,485911541,275500,91949
"36","TX","Texas","4827000",38708,2022,"fort worth",6295537000,2062436000,864008000,455775000,0,0,2084882000,2358042000,918937,68235
"37","TX","Texas","4858016",38665,2022,"plano",794523367,0,0,74594509,37631774,5690194,599436678,674630973,285469,95002
"38","TX","Texas","4805000",38712,2022,"austin",16018263000,2023188000,4253955000,943208000,0,0,4977519000,5203837000,961900,79542
"39","TX","Texas","4841464",40881,2022,"laredo",1494245564,187273236,172161855,118603456,0,0,566188232,658183597,255212,52438
"40","WI","Wisconsin","5553000",39892,2022,"milwaukee",3897051000,380776000,1228831000,520986000,0,0,1246728000,1366136000,577225,46637
"41","CA","California","0603526",43912,2022,"bakersfield",685488021,315292536,15586823,118029399,0,0,597392722,678333688,404440,66666
"42","TX","Texas","4835000",43770,2022,"houston",22502566000,2322472000,2350595000,1614261000,130298000,0,4567147000,6763312000,2301572,55499
"43","TX","Texas","4829000",44101,2022,"garland",1864177891,0,95156017,206533576,62295681,0,718474852,861353463,246001,61607
"44","PA","Pennsylvania","4261000",43862,2022,"pittsburgh",2219133011,924293454,352713530,307743484,0,0,663577923,775865270,302958,57821
"45","OH","Ohio","3918000",44337,2022,"columbus",6848750000,1099799000,160018000,376549000,0,72950000,2095282000,2530580000,905839,58202
"46","CO","Colorado","0804000",31994,2022,"aurora",1259754593,79207501,24874408,164693658,89943213,0,779855483,1206132585,386324,71647
"47","CA","California","0626000",96340,2022,"fremont",529449234,272252574,70589546,28292265,0,0,286184199,393897469,230493,155968
"48","TX","Texas","4865000",38656,2022,"san antonio",5928044000,454333000,811969000,582568000,0,0,2578927000,3103890000,1434367,54923
"49","TX","Texas","4804000",31543,2022,"arlington",1969829000,0,143042000,130931000,119626000,0,678643000,731306000,394257,59889
"50","FL","Florida","1230000",96403,2022,"hialeah",938926163,213092488,360568124,152072925,5522808,0,306166456,359510455,223123,46674
"51","OH","Ohio","3977000",98182,2022,"toledo",1755747000,286965000,42065000,246626000,0,16929000,520013000,681708000,270880,44150
"52","CA","California","0665000",31848,2022,"san bernardino",660674289,326502961,0,126966481,0,2546218,263036146,355468331,222068,65311
"53","TX","Texas","4817000",38701,2022,"corpus christi",1955699167,141067731,13937528,151263653,0,0,633795570,799660967,317863,59812
"54","NC","North Carolina","3712000",36713,2022,"charlotte",6901313000,422459000,351617000,683951000,0,19506000,2154485000,2673738000,874607,70869
"55","WA","Washington","5363000",39553,2022,"seattle",9298697000,996326000,537513000,786817000,324406000,0,4541941000,5619536000,737018,110781
"56","WI","Wisconsin","5548000",39884,2022,"madison",1169202369,76490,69016664,164087581,147384003,0,607341462,727021865,269769,67270
"57","MO","Missouri","2938000",43771,2022,"kansas city",5913070000,650718000,108427000,490036000,0,0,2045381000,2304874000,507971,63396
"58","CA","California","0664000",42691,2022,"sacramento",2743937000,740591000,196805000,128735000,0,0,1213239000,1481024000,524924,75311
"59","MO","Missouri","2965000",44598,2022,"st louis",3354252000,348807000,441033000,792369000,22299000,0,1054572000,1232944000,301574,49965
"60","AZ","Arizona","0446000",31634,2022,"mesa",4226428000,840814000,987614000,409619000,0,0,1240528000,1325532000,504300,69266
"61","AZ","Arizona","0412000",31633,2022,"chandler",937633085,212540490,81921795,82806731,0,0,518724748,576771055,276010,94613
"62","MN","Minnesota","2743000",1036390,2022,"minneapolis",2301573000,872688000,48422000,279833000,0,0,1116621000,1296545000,429985,69397
"63","NV","Nevada","3260600",35523,2022,"reno",1014653647,173851338,133546458,96793065,0,0,379807610,447079345,264147,67478
"64","TX","Texas","4837000",47012,2022,"irving",1295144867,86682386,17063616,96059019,90987916,0,438488241,561512341,256687,70340
"65","AZ","Arizona","0455000",31636,2022,"phoenix",14245771000,4643155000,178162000,1734722000,0,76657000,4586960000,5690209000,1608190,68435
"66","CA","California","0669088",31800,2022,"santa clarita",198521702,0,0,63054641,432938,2071568,210049560,322328316,228679,109336
"67","MA","Massachusetts","2507000",34032,2022,"boston",6757265000,1080235000,2310198000,722188000,0,0,4327037000,4587924000,675632,79283
"68","ID","Idaho","1608830",32682,2022,"boise",472982000,138187000,12226000,130517000,74689000,0,460846000,522556000,235712,70217
"69","IA","Iowa","1921000",71073,2022,"des moines",993840693,42649067,27681903,135295458,0,0,447465339,547257870,214125,60693
"70","AZ","Arizona","0427820",44287,2022,"glendale",1604194000,339191000,631000,97002000,0,7304000,523718000,683981000,248374,62910
"71","FL","Florida","1263000",32314,2022,"st petersburg",1372623906,21846061,261024918,120618798,63081265,0,625436126,709178492,258356,64141
"72","AZ","Arizona","0477000",31644,2022,"tucson",3361849981,1376887466,187936363,299609530,0,0,1294623454,1421464007,542656,50306
"73","CA","California","0666000",44032,2022,"san diego",7496904000,2164171000,429719000,825053000,0,0,3576546000,4030974000,1386960,93042
"74","CA","California","0602000",31819,2022,"anaheim",3020278000,510106000,107149000,203874000,0,0,1190024000,1451581000,346825,81747
"75","CA","California","0653000",31740,2022,"oakland",3521415000,1215883000,617469000,479424000,0,0,1099623000,1554513000,440660,82236
"76","NE","Nebraska","3128000",35447,2022,"lincoln",1675570342,74246000,28734000,183298989,0,0,859544947,1028904565,291105,62294
"77","TX","Texas","4824000",43166,2022,"el paso",2658808584,249896511,120299852,320617220,0,0,820918153,1054928417,678697,51241
"78","CA","California","0636770",31829,2022,"irvine",202113000,36051000,8475000,117706000,0,0,393434000,395481000,307665,105774
"79","CA","California","0649270",31838,2022,"moreno valley",242737682,54897196,5274815,72758179,0,0,232404427,289901317,208640,79840
"80","NY","New York","3663000",36037,2022,"rochester",1830117000,18097000,1147549000,386083000,24958000,0,788074000,833955000,211321,41980
"81","GA","Georgia","1304000",42897,2022,"atlanta",10576224000,619780000,884365000,543848000,0,0,2145173000,2842599000,498722,74107
"82","PA","Pennsylvania","4260000",42714,2022,"philadelphia",21025387000,5386419000,2156649000,3391914000,0,0,8888976000,10214282000,1603799,52899
"83","CA","California","0627000",31759,2022,"fresno",1588277000,0,99760000,267898000,805653000,0,927471000,1153001000,542252,61250
"84","CA","California","0644000",149487,2022,"los angeles",51289709000,4363649000,906744000,3799884000,4360069000,518993000,16555364000,19952927000,3898767,70372
"85","WA","Washington","5370000",39559,2022,"tacoma",2255596000,39926000,227442000,243345000,248402000,0,1185331000,1322919000,219175,77141
"86","CA","California","0675000",31865,2022,"stockton",971707056,321906746,65400233,117642532,0,0,457492661,674229264,320810,69844
"87","NY","New York","3651000",122258,2022,"new york",304335832000,42349466000,89525858000,37979586000,0,0,97409580000,107534861000,8804194,67997
"88","IN","Indiana","1825000",33221,2022,"fort wayne",1658417371,219498841,151689246,112730310,0,0,418294937,604024919,263914,54737
"89","NJ","New Jersey","3436000",108025,2022,"jersey city",254536148,60959025,1418603618,254536148,0,0,1296820965,1368636430,292754,81958
"90","NC","North Carolina","3755000",36728,2022,"raleigh",2373022529,129081538,205633329,253811684,0,0,812741116,1076150788,467762,74612
"91","CA","California","0667000",54175,2022,"city and county of san francisco",33104748000,341625000,3679684000,5633817000,2445792000,0,11211694000,13374941000,873959,121826
"92","WA","Washington","5367000",39566,2022,"spokane",826490515,0,0,36792571,102836353,93475431,614410420,678420161,228978,58714
"93","FL","Florida","1235000",32292,2022,"jacksonville",6540349000,2905810000,274269000,549157000,0,0,2198134000,2370769000,949616,58621
"94","MI","Michigan","2622000",34317,2022,"detroit",6229907262,1664015640,1476914,1297607679,72568602,0,2378614300,2402183395,639115,36140
"95","AL","Alabama","0137000",31569,2021,"huntsville",1361325111,222331632,72487230,80907197,0,0,466738158,597514829,215052,70757
"96","CA","California","0603526",43912,2021,"bakersfield",813093048,461426874,36512308,76830458,0,0,554930812,712186757,404440,66666
"97","TX","Texas","4835000",43770,2021,"houston",22569340000,1779562000,2629644000,718518000,0,0,4970640000,6339214000,2301572,55499
"98","TX","Texas","4829000",44101,2021,"garland",1739221826,11418246,87457328,175637389,0,0,710181427,788194393,246001,61607
"99","PA","Pennsylvania","4261000",43862,2021,"pittsburgh",2033199668,822015601,395364862,45437895,0,0,625367419,705998444,302958,57821
"100","OH","Ohio","3918000",44337,2021,"columbus",6954370000,1356638000,160591000,347319000,0,40802000,1836343000,2400006000,905839,58202
"101","MD","Maryland","2404000",33980,2021,"baltimore",9542603000,2164643000,527869000,1058738000,0,0,2998668000,3313989000,585693,54652
"102","FL","Florida","1253000",148141,2021,"orlando",2074858241,290159850,353133200,379774984,0,0,913483486,1011946309,307683,54167
"103","VA","Virginia","5157000",230389,2021,"norfolk",2458465093,389045271,114305792,211590385,0,0,799169076,799186769,238001,58591
"104","TX","Texas","4845000",38693,2021,"lubbock",2018728188,157803158,172402112,131144266,0,0,719452456,828278483,257157,54747
"105","VA","Virginia","5116000",230275,2021,"chesapeake",1160016852,215077882,40178800,97609209,0,9933717,787954525,917909038,249415,88815
"106","VA","Virginia","5167000",230420,2021,"richmond",2728454001,399778235,120143312,273104411,0,0,1181729734,1244200179,226618,51770
"107","CO","Colorado","0804000",31994,2021,"aurora",1283387916,106801109,21037880,157150704,16282358,0,739290244,1130543781,386324,71647
"108","FL","Florida","1230000",96403,2021,"hialeah",1108399492,301647421,471720312,108782575,3738042,0,380687365,343352532,223123,46674
"109","VA","Virginia","5182000",230476,2021,"virginia beach",2350727399,525466635,94167390,155761720,0,0,1615782519,1736892251,459471,81634
"110","OH","Ohio","3977000",98182,2021,"toledo",1734470000,338517000,40350000,164999000,0,9475000,457353000,587488000,270880,44150
"111","CA","California","0665000",31848,2021,"san bernardino",764831424,473069693,4870958,81630898,0,0,270287703,306944767,222068,65311
"112","NC","North Carolina","3775000",36708,2021,"winston-salem",1115603455,80074722,0,81592368,0,12099186,386916855,499906171,249562,54228
"113","TX","Texas","4817000",38701,2021,"corpus christi",1936597928,203244403,10392386,145981390,0,0,622511420,721689677,317863,59812
"114","NV","Nevada","3251800",35520,2021,"north las vegas",855709552,219150533,109107152,71329348,0,0,420093691,576778514,259520,67035
"115","TN","Tennessee","4748000",38563,2021,"memphis",4210272000,4511000,809284000,504065000,0,0,2581642000,2916906000,631539,44317
"116","OK","Oklahoma","4055000",125837,2021,"oklahoma city",2377773000,408312000,443682000,96685000,0,0,999429000,1029908000,681084,59214
"117","AZ","Arizona","0465000",31637,2021,"scottsdale",1719985000,421583000,1923000,106185000,0,0,644992000,1088738000,241339,99097
"118","CA","California","0662000",31836,2021,"riverside",2634527000,229566000,52276000,169564000,0,0,966751000,987247000,315014,76558
"119","CA","California","0669000",31826,2021,"santa ana",1135383347,702444738,55210904,184478605,0,0,574661213,622765158,310555,80265
"120","CA","California","0643000",31784,2021,"long beach",4381212000,527875000,8785000,474323000,0,0,1703438000,2135378000,466775,73905
"121","CO","Colorado","0816000",31999,2021,"colorado springs",3971629197,313149000,66775000,358382576,18791321,0,1658232652,1929923126,479016,74579
"122","FL","Florida","1271000",32297,2021,"tampa",1566384797,209150745,75519951,150492379,0,0,831831124,1082816382,384661,63404
"123","IL","Illinois","1714000",32795,2021,"chicago",70203052000,33696585000,2000017000,5590602000,0,0,11608977000,12909108000,2746352,66576
"124","NC","North Carolina","3712000",36713,2021,"charlotte",6817711000,1019687000,227624000,495567000,0,42758000,2212176000,2482891000,874607,70869
"125","NE","Nebraska","3137000",35443,2021,"omaha",3145801379,814257649,512272582,196958885,0,0,833472066,1068787063,491743,62948
"126","NV","Nevada","3240000",35519,2021,"las vegas",1828903547,873504531,55725322,148864241,0,0,1026067641,1217540116,644866,59746
"127","NV","Nevada","3231900",35518,2021,"henderson",1084887438,416549579,89339854,104643888,0,0,594070606,708532059,317310,77924
"128","NC","North Carolina","3719000",36706,2021,"durham",1021315269,114942996,164490386,94664449,0,0,477630333,587850585,283588,71343
"129","NY","New York","3684000",36072,2021,"yonkers",5070868554,120899468,3814099761,271047115,0,0,1401217720,1276012068,211585,66395
"130","OH","Ohio","3916000",36922,2021,"cleveland",3850423000,786813000,77160000,590787000,0,35117000,1299164000,1730123000,372632,35562
"131","OR","Oregon","4159000",37572,2021,"portland",9676620990,5447870710,95444851,362782129,0,2403478,2315364498,2400174810,652518,79057
"132","TX","Texas","4819000",38669,2021,"dallas",14023129000,5702885000,266160000,599300000,0,0,2491639000,3440643000,1304317,57995
"133","CA","California","0613392",31856,2021,"chula vista",1006423881,351965194,26787344,68079182,0,0,335053850,410553502,275500,91949
"134","TX","Texas","4827000",38708,2021,"fort worth",6485913000,2359866000,903895000,426042000,0,0,2043838000,2229707000,918937,68235
"135","TX","Texas","4858016",38665,2021,"plano",812220663,55021601,6188875,74490302,14036741,0,580619556,638485364,285469,95002
"136","TX","Texas","4805000",38712,2021,"austin",15516665000,2178003000,4346367000,593022000,0,0,4627438000,4436046000,961900,79542
"137","TX","Texas","4841464",40881,2021,"laredo",1476807436,252346173,206576960,99013438,1326670,0,476043948,561946459,255212,52438
"138","WI","Wisconsin","5553000",39892,2021,"milwaukee",4761383000,927864000,1680554000,365916000,0,0,1580425000,1293829000,577225,46637
"139","CA","California","0664000",42691,2021,"sacramento",3159764000,1069704000,244249000,191357000,0,0,1270924000,1404535000,524924,75311
"140","OK","Oklahoma","4075000",37344,2021,"tulsa",1310463000,307741000,4600000,70853000,0,0,594013000,703102000,413123,51008
"141","CA","California","0648354",31888,2021,"modesto",924422665,364250642,30427400,135118423,0,0,390341858,511326020,218467,70469
"142","KS","Kansas","2079000",33468,2021,"wichita",1500033422,15602000,44218000,246530158,0,0,588265268,713501200,397547,56293
"143","FL","Florida","1245000",398462,2021,"miami",3072883367,1034749059,958411935,220635829,0,0,1227209415,1105091240,442260,48789
"144","NJ","New Jersey","3451000",35652,2021,"newark",2271924473,0,0,0,0,0,1114111829,1141989198,311552,43242
"145","OH","Ohio","3915000",36933,2021,"cincinnati",3961053000,2305754000,74567000,135140000,0,63751000,1497880000,1274444000,309561,42733
"146","NM","New Mexico","3502000",35917,2021,"albuquerque",2493805208,904300000,314556997,192010899,0,0,1093688347,1224799549,564581,58512
"147","NC","North Carolina","3728000",36710,2021,"greensboro",1237340836,114198568,124450254,132626016,0,0,526837868,554574152,299101,51825
"148","WA","Washington","5363000",39553,2021,"seattle",9142892000,1198219000,654541000,615595000,630536000,0,4241488000,5149807000,737018,110781
"149","WI","Wisconsin","5548000",39884,2021,"madison",1147484321,78674,84581716,144028203,112995852,0,568838409,660519925,269769,67270
"150","MO","Missouri","2938000",43771,2021,"kansas city",6184292000,1093020000,93377000,442597000,0,0,2025590000,1927054000,507971,63396
"151","MO","Missouri","2965000",44598,2021,"st louis",3662613000,616351000,654613000,523453000,0,0,1170808000,1101042000,301574,49965
"152","CA","California","0626000",96340,2021,"fremont",687053116,409107867,81415258,31958426,0,0,330097164,370266091,230493,155968
"153","TX","Texas","4865000",38656,2021,"san antonio",6346636000,819657000,933170000,243244000,0,0,2598378000,2737685000,1434367,54923
"154","TX","Texas","4804000",31543,2021,"arlington",1866983000,0,144366000,69491000,27444000,0,607945000,685362000,394257,59889
"155","MN","Minnesota","2758000",101973,2021,"saint paul",1153669398,133080944,202134571,148264215,0,0,618852724,680005747,311518,66098
"156","AZ","Arizona","0446000",31634,2021,"mesa",4282895000,1014811000,953762000,345738000,0,0,1171253000,1223499000,504300,69266
"157","AZ","Arizona","0412000",31633,2021,"chandler",1014689233,316219876,63003983,63516870,0,0,543298997,568989293,276010,94613
"158","MN","Minnesota","2743000",1036390,2021,"minneapolis",1790197000,389858000,47213000,241108000,0,0,976612000,1074341000,429985,69397
"159","NV","Nevada","3260600",35523,2021,"reno",1061795874,252369268,147020971,78943241,0,0,402429362,523608626,264147,67478
"160","TX","Texas","4837000",47012,2021,"irving",1089686874,153236230,18303061,86083020,0,0,418767014,496729475,256687,70340
"161","AZ","Arizona","0455000",31636,2021,"phoenix",14097669000,4652055000,136443000,1042790000,0,73892000,4141988000,4961320000,1608190,68435
"162","CA","California","0669088",31800,2021,"santa clarita",221580825,34737777,0,41923993,0,12575778,197556736,308533852,228679,109336
"163","FL","Florida","1263000",32314,2021,"st petersburg",1459810343,115587405,256867376,88765560,16268755,0,619869432,690300053,258356,64141
"164","AZ","Arizona","0477000",31644,2021,"tucson",3382060447,1291047640,212813304,268899451,0,0,1142236719,1446490646,542656,50306
"165","CA","California","0666000",44032,2021,"san diego",8481413000,3513674000,469975000,732235000,0,0,3756065000,3719767000,1386960,93042
"166","MA","Massachusetts","2507000",34032,2021,"boston",6426387000,1406402000,2196724000,786957000,0,0,4088575000,4145409000,675632,79283
"167","ID","Idaho","1608830",32682,2021,"boise",224705000,0,15036000,77747000,101251000,0,362551000,455259000,235712,70217
"168","IA","Iowa","1921000",71073,2021,"des moines",1054729050,213409053,22792325,91374421,0,0,466484080,538210286,214125,60693
"169","AZ","Arizona","0427820",44287,2021,"glendale",1440811000,429332000,613000,111250000,0,1916000,488049000,601059000,248374,62910
"170","CA","California","0602000",31819,2021,"anaheim",3305927000,834846000,160100000,216887000,0,0,1208670000,1174924000,346825,81747
"171","CA","California","0653000",31740,2021,"oakland",4186217000,1801374000,842836000,470545000,0,0,1323257000,1482442000,440660,82236
"172","NE","Nebraska","3128000",35447,2021,"lincoln",1668339134,39668000,26979000,141527498,0,0,766018047,935618237,291105,62294
"173","TX","Texas","4824000",43166,2021,"el paso",2773436603,485256939,168416162,165215037,0,0,870926344,1085555707,678697,51241
"174","CA","California","0636770",31829,2021,"irvine",287944000,153978000,9488000,85360000,0,0,375324000,345879000,307665,105774
"175","CA","California","0649270",31838,2021,"moreno valley",264594470,77591423,9047518,65890232,0,0,216273007,261653899,208640,79840
"176","NY","New York","3663000",36037,2021,"rochester",2359529000,55648000,1753793000,290317000,0,0,857649000,813572000,211321,41980
"177","GA","Georgia","1304000",42897,2021,"atlanta",10740141000,1251025000,888700000,524334000,0,0,2193181000,2469218000,498722,74107
"178","PA","Pennsylvania","4260000",42714,2021,"philadelphia",18803884000,4721351000,2088155000,2887334000,0,0,8408336000,8763843000,1603799,52899
"179","CA","California","0627000",31759,2021,"fresno",1615388000,0,152604000,263178000,93198000,0,943597000,930547000,542252,61250
"180","CA","California","0644000",149487,2021,"los angeles",56315847000,11279212000,2484602000,3947445000,0,0,17338053000,18363558000,3898767,70372
"181","WA","Washington","5370000",39559,2021,"tacoma",2172314000,110879000,229263000,208719000,177099000,0,1126267000,1305169000,219175,77141
"182","CA","California","0675000",31865,2021,"stockton",1230233905,549631640,66315626,124293781,0,0,504855874,619796500,320810,69844
"183","NY","New York","3651000",122258,2021,"new york",283974857000,9598353000,117979233000,36958227000,0,0,94850713000,104175972000,8804194,67997
"184","IN","Indiana","1825000",33221,2021,"fort wayne",1548296927,199649351,171220196,79342071,32556786,0,424637307,558699265,263914,54737
"185","NJ","New Jersey","3436000",108025,2021,"jersey city",191198139,113755178,1208152775,191198139,0,0,1156967562,1041289727,292754,81958
"186","NC","North Carolina","3755000",36728,2021,"raleigh",2361176428,203853587,189934098,226210165,0,0,787637884,987255776,467762,74612
"187","CA","California","0667000",54175,2021,"city and county of san francisco",36525105000,5614021000,3811347000,5527989000,0,0,12585731000,13106808000,873959,121826
"188","WA","Washington","5367000",39566,2021,"spokane",839405510,0,0,29778576,174325293,91501555,522675150,658310969,228978,58714
"189","FL","Florida","1235000",32292,2021,"jacksonville",6696965000,3107155000,416420000,408696000,0,0,2119364000,2076052000,949616,58621
"190","MI","Michigan","2622000",34317,2021,"detroit",6418274433,2159574662,377348,910918244,28023927,0,2312400836,2282921854,639115,36140
"191","AL","Alabama","0137000",31569,2020,"huntsville",1335234757,211600490,66108743,71574650,0,0,432807149,444428253,215052,70757
"192","TX","Texas","4845000",38693,2020,"lubbock",1869606346,167632275,150930890,96255991,0,0,640991169,749999064,257157,54747
"193","FL","Florida","1245000",398462,2020,"miami",2854317892,994144647,867949431,127908952,0,0,1095966163,1024569536,442260,48789
"194","OH","Ohio","3915000",36933,2020,"cincinnati",3389782000,1498856000,211704000,125427000,0,0,1432631000,1101279000,309561,42733
"195","VA","Virginia","5157000",230389,2020,"norfolk",2126539198,319781825,75620871,190368768,0,0,909352298,936078688,238001,58591
"196","VA","Virginia","5116000",230275,2020,"chesapeake",1137616969,162210178,41676036,84316399,0,0,815696278,855449210,249415,88815
"197","VA","Virginia","5167000",230420,2020,"richmond",2594525942,370679024,116933633,199271710,0,0,1117347385,1190816721,226618,51770
"198","VA","Virginia","5182000",230476,2020,"virginia beach",2174515595,417692180,103615930,103328094,0,0,1546388767,1632118091,459471,81634
"199","NC","North Carolina","3775000",36708,2020,"winston-salem",1083821870,108050925,7852505,29047731,0,0,399880634,452557098,249562,54228
"200","NV","Nevada","3251800",35520,2020,"north las vegas",756950708,218565388,43455396,36924302,0,0,388962525,492604694,259520,67035
"201","TN","Tennessee","4748000",38563,2020,"memphis",4403060000,578293000,933940000,605559000,0,0,2925057000,2869453000,631539,44317
"202","OK","Oklahoma","4055000",125837,2020,"oklahoma city",2204253000,288492000,425090000,125893000,11458000,0,1009813000,1077290000,681084,59214
"203","AZ","Arizona","0465000",31637,2020,"scottsdale",1672194000,352019000,2177000,105699000,0,0,645919000,802015000,241339,99097
"204","CA","California","0662000",31836,2020,"riverside",2997462000,599576000,50004000,113462000,0,0,930318000,933925000,315014,76558
"205","CA","California","0669000",31826,2020,"santa ana",1014020583,666536096,52935451,110846149,0,0,526873913,529268827,310555,80265
"206","CA","California","0643000",31784,2020,"long beach",5018598000,1205496000,9655000,381852000,0,0,1771011000,1908857000,466775,73905
"207","CO","Colorado","0816000",31999,2020,"colorado springs",3956973674,424986000,84007000,291779855,4565101,0,1404689849,1409978178,479016,74579
"208","FL","Florida","1271000",32297,2020,"tampa",1547995667,201706974,135123704,109988927,0,0,922750269,992365061,384661,63404
"209","IL","Illinois","1714000",32795,2020,"chicago",69251891000,32958251000,1963340000,4835603000,0,0,10177766000,11215375000,2746352,66576
"210","CA","California","0664000",42691,2020,"sacramento",3150700000,1046941000,248904000,246136000,0,0,1189043000,1344723000,524924,75311
"211","NE","Nebraska","3137000",35443,2020,"omaha",3055956416,967110658,491560909,83975087,0,0,779610291,945243629,491743,62948
"212","NV","Nevada","3240000",35519,2020,"las vegas",1814290240,878316585,55107913,97549812,0,0,958211865,1224995479,644866,59746
"213","NV","Nevada","3231900",35518,2020,"henderson",1048710549,411959319,85625605,67676930,0,0,573522707,586622261,317310,77924
"214","NC","North Carolina","3719000",36706,2020,"durham",1029720774,84911103,155600034,63244220,0,0,484850401,556945244,283588,71343
"215","NY","New York","3684000",36072,2020,"yonkers",4915299122,393017963,3452182595,311457350,3192282,0,1422708718,1249122727,211585,66395
"216","OH","Ohio","3916000",36922,2020,"cleveland",4080064000,893120000,344486000,410745000,0,0,1542066000,1566228000,372632,35562
"217","OR","Oregon","4159000",37572,2020,"portland",9174347541,5078795811,84298521,330486470,0,7679943,2251447753,2330517610,652518,79057
"218","TX","Texas","4819000",38669,2020,"dallas",12969622000,4693271000,530989000,520329000,0,0,2718982000,3181977000,1304317,57995
"219","CA","California","0613392",31856,2020,"chula vista",596108688,334945720,25079014,24799864,0,0,313016568,390392795,275500,91949
"220","TX","Texas","4827000",38708,2020,"fort worth",6248476000,2259058000,970878000,379448000,0,0,514751000,2590058000,918937,68235
"221","TX","Texas","4858016",38665,2020,"plano",747692669,74014899,12327491,66533729,0,0,599131634,649535368,285469,95002
"222","TX","Texas","4805000",38712,2020,"austin",15202009000,3003314000,3504494000,536339000,0,0,4579745000,4246064000,961900,79542
"223","TX","Texas","4841464",40881,2020,"laredo",1409404951,250329436,265995373,46912739,0,0,549516642,526385016,255212,52438
"224","WI","Wisconsin","5553000",39892,2020,"milwaukee",4631245000,850751000,1690355000,189324000,0,0,1584630000,1288626000,577225,46637
"225","CA","California","0603526",43912,2020,"bakersfield",815271946,441885448,56993372,71337485,0,0,555563131,595392599,404440,66666
"226","TX","Texas","4835000",43770,2020,"houston",25651079000,4944343000,2233624000,803248000,0,0,5521131000,5507561000,2301572,55499
"227","TX","Texas","4829000",44101,2020,"garland",1457720709,15972628,85640582,129484878,0,0,628309131,726223208,246001,61607
"228","PA","Pennsylvania","4261000",43862,2020,"pittsburgh",1836357586,776368485,402893514,62813200,0,0,582044068,607218809,302958,57821
"229","OH","Ohio","3918000",44337,2020,"columbus",7128521000,1466875000,471418000,239192000,0,0,2196145000,2468026000,905839,58202
"230","OK","Oklahoma","4075000",37344,2020,"tulsa",1315222000,294125000,4648000,71276000,1166000,0,591071000,679703000,413123,51008
"231","FL","Florida","1230000",96403,2020,"hialeah",1038077167,302477430,441473906,66240270,2878477,0,355212156,330547538,223123,46674
"232","OH","Ohio","3977000",98182,2020,"toledo",1732226000,367616000,113536000,48479000,0,0,479463000,561603000,270880,44150
"233","CA","California","0665000",31848,2020,"san bernardino",700249533,443384956,13557801,31349043,0,0,276848579,260211842,222068,65311
"234","TX","Texas","4817000",38701,2020,"corpus christi",1928720995,227467000,9212565,87504254,0,0,485734670,667414021,317863,59812
"235","CA","California","0648354",31888,2020,"modesto",910981832,341835012,26459988,133992675,0,0,394268352,434550143,218467,70469
"236","KS","Kansas","2079000",33468,2020,"wichita",1466116636,99941000,42211000,64834687,0,0,598342655,672981776,397547,56293
"237","NC","North Carolina","3712000",36713,2020,"charlotte",6759442000,618604000,531962000,575342000,0,0,2026525000,2284998000,874607,70869
"238","WA","Washington","5363000",39553,2020,"seattle",9163846000,1471420000,673085000,643409000,276045000,0,4384767000,4581734000,737018,110781
"239","WI","Wisconsin","5548000",39884,2020,"madison",1121052486,105508,82355761,90341077,57561292,0,564493985,598064822,269769,67270
"240","MO","Missouri","2938000",43771,2020,"kansas city",5330276000,870059000,115354000,428601000,0,0,1960825000,1917677000,507971,63396
"241","NM","New Mexico","3502000",35917,2020,"albuquerque",2308654159,773785015,256989344,201164074,0,0,1083142461,1120158995,564581,58512
"242","MO","Missouri","2965000",44598,2020,"st louis",3262271000,572126000,629014000,289003000,0,0,1117833000,1137784000,301574,49965
"243","NC","North Carolina","3728000",36710,2020,"greensboro",1170826645,90709688,131940179,99244554,0,0,541307840,613360174,299101,51825
"244","MD","Maryland","2404000",33980,2020,"baltimore",9195780000,1875711000,1245666000,821471000,9121000,0,3308251000,3193101000,585693,54652
"245","FL","Florida","1253000",148141,2020,"orlando",2034575660,289467567,350601860,318979012,0,0,905574887,1079325407,307683,54167
"246","CO","Colorado","0804000",31994,2020,"aurora",1061881120,141270730,19443717,92284768,7607439,0,750721333,1158643331,386324,71647
"247","MN","Minnesota","2743000",1036390,2020,"minneapolis",1730749000,528974000,41281000,103434000,0,0,1080192000,1147425000,429985,69397
"248","NV","Nevada","3260600",35523,2020,"reno",1064576354,249852734,168272737,41238414,0,0,365774923,478643006,264147,67478
"249","TX","Texas","4837000",47012,2020,"irving",1041752554,164966856,16706512,49882637,0,0,427556057,465446366,256687,70340
"250","MA","Massachusetts","2507000",34032,2020,"boston",6518670000,1754871000,2273281000,591067000,0,0,3645402000,4259188000,675632,79283
"251","ID","Idaho","1608830",32682,2020,"boise",224761000,82764000,15136000,52760000,54173000,0,392568000,479054000,235712,70217
"252","IA","Iowa","1921000",71073,2020,"des moines",866817685,177894533,22869853,41591897,0,0,436787680,508221864,214125,60693
"253","AZ","Arizona","0427820",44287,2020,"glendale",1364207000,379276000,3126000,74510000,0,1711000,467437000,552856000,248374,62910
"254","CA","California","0626000",96340,2020,"fremont",675792497,390302773,82735272,30509891,0,0,350172934,389180841,230493,155968
"255","CA","California","0602000",31819,2020,"anaheim",3138253000,790303000,161507000,169081000,0,0,1274296000,1248256000,346825,81747
"256","CA","California","0653000",31740,2020,"oakland",3808291000,1717434000,598569000,324048000,0,0,1099603000,1318041000,440660,82236
"257","NE","Nebraska","3128000",35447,2020,"lincoln",1682625102,75894676,20079000,173650869,0,0,763956441,878865771,291105,62294
"258","TX","Texas","4824000",43166,2020,"el paso",2782722728,590743738,156786139,175729645,0,0,844169891,933071876,678697,51241
"259","TX","Texas","4865000",38656,2020,"san antonio",6535995000,993046000,1170748000,443951000,0,0,2580564000,2570306000,1434367,54923
"260","CA","California","0636770",31829,2020,"irvine",247393000,146569000,8219000,57504000,0,0,397833000,380188000,307665,105774
"261","CA","California","0649270",31838,2020,"moreno valley",221955207,72896273,8175011,27193899,0,0,216161418,214352086,208640,79840
"262","NY","New York","3663000",36037,2020,"rochester",2283161000,254732000,1477364000,192893000,0,0,834480000,717737000,211321,41980
"263","GA","Georgia","1304000",42897,2020,"atlanta",10846929000,1114364000,992098000,510812000,0,0,2042726000,2620248000,498722,74107
"264","TX","Texas","4804000",31543,2020,"arlington",2015112000,140590000,125761000,55342000,275000,65000,598609000,988707000,394257,59889
"265","MN","Minnesota","2758000",101973,2020,"saint paul",1199914233,214764491,267232002,57593330,0,0,650396168,703359545,311518,66098
"266","PA","Pennsylvania","4260000",42714,2020,"philadelphia",19141711000,6095885000,1935327000,1937322000,0,0,8712288000,8677695000,1603799,52899
"267","CA","California","0627000",31759,2020,"fresno",1541934000,0,148672000,207987000,244990000,0,802265000,873186000,542252,61250
"268","CA","California","0644000",149487,2020,"los angeles",50943508000,8541000000,2674034000,3741504000,0,0,16549940000,17463553000,3898767,70372
"269","WA","Washington","5370000",39559,2020,"tacoma",2088340000,43808000,208422000,203686000,89125000,0,1145003000,1229044000,219175,77141
"270","AZ","Arizona","0446000",31634,2020,"mesa",3946213000,908215779,907417000,316334000,0,0,1072009000,1110314000,504300,69266
"271","CA","California","0675000",31865,2020,"stockton",1157881712,536028393,67397341,53832392,0,0,474735560,547984345,320810,69844
"272","NY","New York","3651000",122258,2020,"new york",305300557000,46376874000,109456918000,30607669000,0,0,99906460000,95921699000,8804194,67997
"273","IN","Indiana","1825000",33221,2020,"fort wayne",1390532275,237996172,167460423,51344214,0,0,509591066,573922167,263914,54737
"274","NJ","New Jersey","3436000",108025,2020,"jersey city",61264484,1081996047,0,61264484,0,0,1036561603,1049105487,292754,81958
"275","NC","North Carolina","3755000",36728,2020,"raleigh",2241239412,157437366,190900860,191899615,0,0,795974736,973529224,467762,74612
"276","CA","California","0667000",54175,2020,"city and county of san francisco",34557584000,4655538000,3903016000,5610057000,0,0,12023583000,12519966000,873959,121826
"277","WA","Washington","5367000",39566,2020,"spokane",886969987,0,0,41087427,61452699,97392855,527607330,584541313,228978,58714
"278","FL","Florida","1235000",32292,2020,"jacksonville",6319925000,2985785000,261160000,214031000,0,0,2164006000,2123471000,949616,58621
"279","MI","Michigan","2622000",34317,2020,"detroit",5377049394,1792678121,445447,466040162,37262730,0,2182546082,2155139212,639115,36140
"280","AZ","Arizona","0455000",31636,2020,"phoenix",13930794000,4963845000,206308000,770903000,0,61488000,4117422000,4219483000,1608190,68435
"281","CA","California","0669088",31800,2020,"santa clarita",217263369,38909366,16669651,36580252,0,0,211788989,255859577,228679,109336
"282","FL","Florida","1263000",32314,2020,"st petersburg",1355292248,102271391,224027878,74380972,16809084,0,606737722,662235246,258356,64141
"283","AZ","Arizona","0477000",31644,2020,"tucson",2732347205,1365520009,202517172,229636476,0,0,1104971593,1303599945,542656,50306
"284","CA","California","0666000",44032,2020,"san diego",7466528000,2671000000,462516000,695168000,0,0,3470006000,3435873000,1386960,93042
"285","AZ","Arizona","0412000",31633,2020,"chandler",993301804,293895280,53112727,38727213,0,0,507986971,577349614,276010,94613
"286","NY","New York","3611000",149470,2020,"buffalo",2227222037,254162180,1228417474,334346029,0,0,595949700,571727657,278301,40669
"287","CA","California","0668000",101868,2020,"san jose",7622101000,3383225000,976545000,448264000,0,715000,2974619000,2880708000,1013221,126377
"288","CO","Colorado","0820000",1266289,2020,"denver county",11288224000,1699959000,249680000,713552000,17721000,0,3671950000,3707605000,715538,81630
"289","LA","Louisiana","2255000",1266697,2020,"new orleans",2445685000,968753000,173245000,181362000,0,0,996063000,1111062000,383998,46942
"290","NY","New York","3611000",149470,2021,"buffalo",2288501912,62224319,1383997705,468847185,0,0,594292830,652375871,278301,40669
"291","CA","California","0668000",101868,2021,"san jose",7908010000,3591797000,864874000,586017000,0,1062000,2964920000,2726864000,1013221,126377
"292","CO","Colorado","0820000",1266289,2021,"denver county",12287597000,1764486000,253829000,926765000,65973000,0,3707999000,4128337000,715538,81630
"293","LA","Louisiana","2255000",1266697,2021,"new orleans",2846275000,862741000,172847000,229401000,0,0,999856000,1323696000,383998,46942
"294","CA","California","0668000",101868,2022,"san jose",6812578000,2342879000,778224000,613669000,2747000,1878000,2816732000,3086802000,1013221,126377
"295","NY","New York","3611000",149470,2022,"buffalo",2397811958,19726695,1312274426,692117144,19434271,0,597406090,687523777,278301,40669
"296","CO","Colorado","0820000",1266289,2022,"denver county",14054059000,1454425000,244985000,1119786000,156920000,0,3703766000,4136851000,715538,81630
"297","LA","Louisiana","2255000",1266697,2022,"new orleans",2749724000,1008184000,137415000,217484000,0,0,1101042000,1400407000,383998,46942
